Percent of Students Chronically Absent,Percent HRA Eligible,Student Percent - Black and Hispanic,Percent Students with IEPs,log_dropout_rate,log_temp_housing,log_percent_overage,Economic Need Index,Percent English Language Learners,Average Grade 8 Proficiency,Percent College Ready based on SAT Math,Metric Value - College Persistence,Supportive Environment - Element Score,Graduation Rate,Metric Value - Average Regents Score - English,Metric Value - College and Career Preparatory Course Index,Took_ACT,Rigorous Instruction - Element Score,Percentage of Students Enrolled in Any Advanced Course,log_enrollment
0.552,0.807,0.766,0.253,0.03246719013750141,0.15443635330441896,0.04018178963283176,0.866,0.063,2.715,0.136,0.422,3.67,0.939,0.0075099999999999,0.318,0.0,3.55,0.223,5.598421958998375
0.376,0.744,0.625,0.21,0.028587456851912472,0.1115413747329073,0.028587456851912472,0.814,0.118,3.05,0.225,0.694,4.24,0.984,0.00733,0.883,0.0,4.42,0.652,6.1862086239004945
0.19,0.445,0.684,0.29,0.0,0.12575120530556025,0.002995508979798371,0.638,0.013,3.01,0.37,0.705,4.3,0.9765,0.0080799999999999,1.0,1.0,4.44,0.65,5.966146739123692
0.185,0.356,0.249,0.185,0.006975613736425138,0.015873349156290163,0.004987541511038968,0.429,0.005,3.755,0.834,0.707,4.28,0.9935,0.00912,0.995,1.0,3.96,0.894,6.431331081933479
0.257,0.388,0.391,0.147,0.0,0.04305948946044701,0.003992021269537457,0.482,0.005,3.84,0.762,0.886,3.96,0.987,0.0083299999999999,1.0,1.0,4.46,0.982,6.338594078203183
0.623,0.759,0.94,0.266,0.0,0.13190507087993858,0.014888612493750559,0.83,0.04,2.66,0.048,0.645,3.69,0.9595,0.0072099999999999,0.968,0.0,3.88,0.603,5.298317366548036
0.536,0.773,0.91,0.22,0.03198304585305074,0.1310282624064042,0.045928931888399735,0.836,0.063,2.69,0.06,0.455,3.28,0.9435,0.0070599999999999,0.46,0.0,3.72,0.377,5.707110264748875
0.577,0.788,0.927,0.28,0.10885440491208206,0.11778303565638346,0.050693114315518165,0.855,0.049,2.5650000000000004,0.033,0.333,3.99,0.86,0.00623,0.883,0.0,3.56,0.478,5.910796644040528
0.297,0.163,0.1629999999999999,0.177,0.0,0.01980262729617973,0.001998002662673058,0.227,0.008,3.765,0.7,0.782,3.98,0.996,0.00871,0.908,0.0,4.22,0.744,6.22455842927536
0.495,0.755,0.8240000000000001,0.191,0.017839918128331016,0.126632650933366,0.035367143837291344,0.831,0.038,2.88,0.175,0.643,3.5770989010989007,0.959,0.00745,0.835,0.0,3.26,0.658,5.973809611869261
0.421,0.661,0.772,0.234,0.04018178963283176,0.10975086395911929,0.024692612590371414,0.737,0.048,2.9,0.213,0.588,3.53,0.947,0.00732,0.951,0.0,3.14,0.632,6.26530121273771
0.43,0.731,0.914,0.255,0.02955880224154443,0.11955923505763925,0.04305948946044701,0.804,0.044,2.735,0.091,0.383,2.98,0.881,0.00718,0.841,0.0,2.8,0.75,6.070737728002491
0.482,0.541,0.669,0.275,0.025180298530298326,0.06578774053800315,0.03343477608623742,0.619,0.02,2.77,0.133,0.66,3.92,0.9695,0.00796,0.933,0.0,4.4,0.479,5.869296913133774
0.739,0.852,0.933,0.224,0.09735354525590992,0.12486898204586927,0.06485097231961626,0.884,0.086,2.56,0.018,0.349,3.27,0.8195,0.00793,0.228,0.0,2.39,0.348,5.351858133476067
0.627,0.685,0.806,0.204,0.04974209189481401,0.08342160813907237,0.02273948696948934,0.778,0.055,2.775,0.158,0.54,3.57,0.859,0.00769,0.748,1.0,3.8,0.67,6.274762021241939
0.537,0.747,0.915,0.267,0.10255658832509215,0.15614868248993138,0.051643233151838386,0.813,0.053,2.65,0.082,0.351,3.62,0.8069999999999999,0.0077,0.525,0.0,2.76,0.604,5.420534999272286
0.646,0.828,0.949,0.291,0.03246719013750141,0.13889199886661863,0.06297479916138839,0.884,0.1,2.415,0.0,0.313,3.64,0.8685,0.00659,0.584,0.0,3.96,0.68,5.736572297479191
0.563,0.814,0.869,0.19,0.006975613736425138,0.14149956227369942,0.04018178963283176,0.863,0.048,2.715,0.07,0.533,3.88,0.892,0.0072299999999999,0.401,0.0,3.67,0.621,5.673323267171493
0.616,0.794,0.8859999999999999,0.282,0.11198850194804728,0.1527210870176639,0.06109509935981083,0.872,0.06,2.53,0.034,0.276,3.39,0.8465,0.00703,0.851,0.0,3.52,0.566,5.758901773877281
0.728,0.783,0.8919999999999999,0.193,0.044973365642731196,0.13540463700620298,0.09166718852582388,0.844,0.12,2.665,0.037,0.514,3.7,0.867,0.00734,0.241,0.0,3.09,0.687,4.430816798843313
0.531,0.659,0.827,0.171,0.02078253918252841,0.11511280710050446,0.03246719013750141,0.739,0.026,2.95,0.133,0.568,3.09,0.9665,0.00739,0.99,1.0,3.04,0.64,6.2324480165505225
0.263,0.454,0.506,0.248,0.007968169649176881,0.04305948946044701,0.003992021269537457,0.528,0.024,3.44,0.509,0.802,4.31,0.9865,0.00857,0.709,1.0,4.41,0.785,6.115892125483034
0.509,0.829,0.903,0.231,0.06625579577706506,0.12575120530556025,0.04879016416943205,0.88,0.089,2.705,0.071,0.447,4.1,0.9305,0.00745,0.393,0.0,4.88,0.365,5.945420608606575
0.675,0.825,0.947,0.253,0.03729578474369693,0.1629688282781397,0.04688358589885046,0.883,0.101,2.38,0.07,0.337,3.13,0.8985000000000001,0.00707,0.907,0.0,3.5,0.647,6.075346031088684
0.646,0.722,0.821,0.212,0.0358496528936972,0.11867152971749854,0.0944006754214843,0.81,0.079,2.755,0.092,0.477,3.2,0.832,0.0073,0.323,0.0,2.51,0.603,5.0238805208462765
0.439,0.659,0.7,0.17,0.008959741371471801,0.08065790301745454,0.01980262729617973,0.725,0.049,3.0250000000000004,0.192,0.583,3.3,0.9155,0.0078599999999999,0.713,1.0,3.73,0.617,6.98100574072173
0.237,0.271,0.436,0.246,0.0,0.028587456851912472,0.017839918128331016,0.372,0.011,2.81,0.242,0.74,4.16,0.9775,0.00834,0.439,1.0,4.44,0.8,5.638354669333745
0.387,0.301,0.496,0.182,0.0,0.050693114315518165,0.010939940038334263,0.442,0.004,3.325,0.264,0.656,3.63,1.0,0.00804,1.0,1.0,3.47,0.51,6.100318952020064
0.227,0.416,0.341,0.181,0.008959741371471801,0.054488185284069776,0.001998002662673058,0.506,0.021,3.58,0.767,0.874,4.14,0.996,0.0088099999999999,0.917,1.0,3.6,0.687,6.1882641230825906
0.244,0.357,0.212,0.262,0.0,0.02955880224154443,0.008959741371471801,0.428,0.006,3.565,0.779,0.796,4.02,0.987,0.00832,0.99,1.0,4.31,0.777,6.137727054086234
0.215,0.361,0.327,0.234,0.020292703267762394,0.03825871211709027,0.001998002662673058,0.432,0.018,3.27,0.549,0.703,3.8,0.99,0.00755,0.99,1.0,4.28,0.739,6.091309882077698
0.033,0.366,0.3419999999999999,0.197,0.0,0.03052920503482279,0.001998002662673058,0.438,0.019,3.36,0.663,0.705,3.94,1.0,0.00847,0.801,1.0,3.82,0.652,6.182084906716632
0.154,0.298,0.266,0.152,0.007968169649176881,0.023716526617316065,0.001998002662673058,0.369,0.006,3.765,0.867,0.872,4.22,0.9965,0.00907,1.0,1.0,4.33,0.808,6.295266001439646
0.081,0.412,0.207,0.156,0.0,0.054488185284069776,0.005982071677547469,0.49,0.017,3.635,0.86,0.842,4.04,0.9855,0.00877,0.993,1.0,3.0,0.665,6.501289670540388
0.655,0.784,0.855,0.28,0.16720791898390638,0.09531017980432495,0.0620353909194527,0.84,0.079,2.475,0.011,0.493,3.13,0.8475,0.00663,0.703,0.0,3.27,0.611,5.799092654460527
0.286,0.717,0.6990000000000001,0.158,0.012175575930133544,0.0769610411361284,0.017839918128331016,0.791,0.049,3.09,0.314,0.739,3.39,0.9595,0.00813,0.891,1.0,3.42,0.699,7.371489295214277
0.528,0.65,0.696,0.303,0.08204071033620941,0.10975086395911929,0.04974209189481401,0.717,0.036,2.605,0.176,0.451,3.42,0.8565,0.00687,0.494,1.0,3.01,0.43,5.627621113690637
0.581,0.733,0.845,0.137,0.026641930946421092,0.128393214768399,0.03922071315328133,0.826,0.058,2.79,0.107,0.478,3.68,0.861,0.00732,0.893,0.0,2.47,0.664,5.627621113690637
0.621,0.722,0.951,0.065,0.06391332574365285,0.3756929497744942,0.19721016928770524,0.0,0.714,2.085,0.077,0.177,3.86,0.759,0.00686,0.519,0.0,4.39,0.294,5.517452896464708
0.633,0.709,0.738,0.198,0.07557118684707403,0.0962188577405429,0.03343477608623742,0.777,0.034,2.9000000000000004,0.106,0.453,3.85,0.8614999999999999,0.00794,0.277,0.0,4.83,0.511,5.472270673671475
0.558,0.696,0.8679999999999999,0.211,0.04926624130291805,0.10885440491208206,0.06391332574365285,0.796,0.053,2.74,0.117,0.385,2.84,0.9015,0.00701,0.643,1.0,3.4736402569593148,0.595,5.429345628954441
0.512,0.574,0.865,0.024,0.071389996086673,0.34074879338847325,0.2554171118645054,0.0,0.932,2.035,0.049,0.277,3.63,0.865,0.00604,0.284,0.0,3.53,0.453,5.831882477283517
0.198,0.505,0.714,0.209,0.007968169649176881,0.07603468627599758,0.02273948696948934,0.63,0.028,3.355,0.521,0.798,4.18,0.996,0.00832,0.946,1.0,4.57,0.705,6.066108090103747
0.678,0.737,0.864,0.237,0.045928931888399735,0.0962188577405429,0.05921185963184603,0.813,0.054,2.585,0.073,0.379,3.51,0.827,0.0070999999999999,0.488,0.0,3.57,0.359,6.056784013228625
0.413,0.606,0.76,0.034,0.047360571359837574,0.18315454309784654,0.25075871834718305,0.931,0.774,2.165,0.063,0.397,4.2,0.728,0.00619,0.281,0.0,4.52,0.712,5.883322388488279
0.065,0.351,0.061,0.013,0.0009995003330834232,0.02273948696948934,0.0009995003330834232,0.43,0.001,4.27,0.974,0.956,4.24,0.995,0.00943,0.993,1.0,4.03,0.823,8.111328003286733
0.286,0.684,0.684,0.165,0.015873349156290163,0.09893994785490366,0.025667746748577813,0.762,0.031,3.045,0.283,0.603,3.81,0.918,0.00794,0.617,0.0,3.6,0.509,6.523562306149512
0.411,0.787,0.763,0.168,0.005484930230569745,0.15529288440603525,0.04018178963283176,0.848,0.066,2.7750000000000004,0.127,0.525,3.92,0.951,0.00758,0.921,0.0,3.57,0.857,5.501258210544727
0.4,0.624,0.8069999999999999,0.275,0.00224747254047937,0.10255658832509215,0.023716526617316065,0.716,0.045,2.9450000000000003,0.265,0.6,3.99,0.954,0.00716,0.883,0.0,4.3,0.56,6.05443934626937
0.501,0.447,0.759,0.156,0.006975613736425138,0.04879016416943205,0.013902905168991434,0.552,0.018,3.115,0.315,0.7,3.34,0.977,0.0076099999999999,0.907,1.0,3.43,0.975,6.07993319509559
0.6,0.735,0.873,0.118,0.07417939817425147,0.14583044821153954,0.06672363204290813,0.811,0.02,2.685,0.075,0.476,3.5770989010989007,0.81,0.00732,0.6569582463465553,0.0,2.83,0.735,4.634728988229636
0.562,0.704,0.871,0.211,0.15700374880966467,0.14323416808590772,0.06672363204290813,0.807,0.061,2.79,0.106,0.385,3.33,0.8355,0.0068,0.596,0.0,2.31,0.887,5.5134287461649825
0.476,0.48,0.76,0.24,0.0,0.0769610411361284,0.026641930946421092,0.575,0.013,3.21,0.254,0.579,3.05,0.9825,0.00722,0.941,0.0,3.42,0.662,5.420534999272286
0.207,0.772,0.778,0.143,0.01636535408626423,0.08434114843375096,0.01291622526654623,0.835,0.057,2.96,0.109,0.659,4.06,0.939,0.00762,0.94,0.0,4.3,0.596,6.124683390894205
0.557,0.67,0.774,0.239,0.01980262729617973,0.10616019582839072,0.02955880224154443,0.735,0.058,2.785,0.167,0.645,3.79,0.896,0.00726,0.661,1.0,3.28,0.772,5.978885764901121
0.309,0.808,0.998,0.105,0.033918218203460644,0.18647956694261839,0.036331929247390204,0.922,0.382,2.575,0.248,0.717,4.2,0.9525,0.00704,0.991,0.0,4.84,0.515,6.129050210060545
0.532,0.813,0.895,0.267,0.06062462181643484,0.11778303565638346,0.03246719013750141,0.878,0.042,2.615,0.06,0.38,3.93,0.926,0.00686,0.271,0.0,3.77,0.345,6.1092475827643655
0.05,0.67,0.045,0.054,0.0,0.12133228516752496,0.01291622526654623,0.754,0.113,3.67,0.94,0.869,3.73,0.989,0.00759,1.0,1.0,3.39,0.633,5.924255797414531
0.517,0.76,0.765,0.245,0.02955880224154443,0.142367241286922,0.04018178963283176,0.83,0.07,2.885,0.263,0.622,3.61,0.937,0.00718,0.414,0.0,3.55,0.629,6.023447592961033
0.355,0.51,0.617,0.272,0.035367143837291344,0.04688358589885046,0.009950330853168092,0.588,0.03,2.925,0.296,0.492,3.83,0.9365,0.00792,0.657,0.0,2.3,0.573,6.208590026096629
0.353,0.603,0.646,0.163,0.054961558073974334,0.09075436326846413,0.03343477608623742,0.681,0.031,3.01,0.089,0.523,3.79,0.8915,0.00764,0.384,1.0,3.25,0.452,5.786897381366708
0.372,0.7,0.881,0.193,0.05188062187698888,0.1115413747329073,0.014888612493750559,0.776,0.035,2.95,0.092,0.578,3.84,0.9265,0.00778,0.876,1.0,3.88,0.395,7.382124365737512
0.416,0.591,0.681,0.237,0.0,0.11064652008706365,0.03052920503482279,0.69,0.054,3.04,0.193,0.533,3.92,0.9535,0.00799,0.404,0.0,4.08,0.724,5.552959584921617
0.454,0.737,0.811,0.27,0.005484930230569745,0.09257918129309317,0.018821754240587667,0.806,0.047,2.705,0.088,0.491,3.26,0.953,0.00732,0.672,0.0,3.15,0.63,6.0473721790462776
0.347,0.406,0.546,0.234,0.004987541511038968,0.04783732941416006,0.01291622526654623,0.491,0.012,3.3,0.301,0.581,3.2,0.961,0.00818,0.96,1.0,3.12,0.613,7.289610521451168
0.646,0.832,0.781,0.242,0.12486898204586927,0.1823215567939546,0.071389996086673,0.901,0.084,2.4850000000000003,0.045,0.39,2.84,0.878,0.0070599999999999,0.701,0.0,2.39,0.442,5.739792912179234
0.257,0.211,0.323,0.201,0.0,0.042101176018635326,0.009950330853168092,0.293,0.02,3.365,0.494,0.4853171247357294,3.91,1.0,0.00844,0.978,1.0,4.72,0.987,5.978885764901121
0.748,0.845,0.936,0.318,0.1505728584793744,0.16720791898390638,0.1275133202989597,0.912,0.155,2.435,0.025,0.283,3.0,0.827,0.00682,0.725,0.0,2.34,0.373,4.709530201312334
0.691,0.74,0.934,0.197,0.04401688541677426,0.16211884947643512,0.045928931888399735,0.816,0.063,2.615,0.056,0.449,3.35,0.928,0.0058499999999999,0.902,0.0,3.76,0.978,5.768320995793772
0.649,0.824,0.945,0.235,0.04401688541677426,0.11689375147149943,0.03825871211709027,0.888,0.107,2.66,0.062,0.413,3.09,0.9305,0.00679,0.488,0.0,3.94,0.397,5.730099782973574
0.625,0.817,0.913,0.205,0.03101405352916954,0.16974277458709455,0.050693114315518165,0.876,0.111,2.655,0.096,0.42,3.62,0.891,0.00643,0.404,0.0,3.25,0.635,6.006353159601733
0.459,0.798,0.943,0.199,0.0,0.16126814759612232,0.026641930946421092,0.853,0.037,2.675,0.042,0.478,2.88,1.0,0.00685,0.937,0.0,2.23,0.603,5.697093486505405
0.334,0.463,0.5820000000000001,0.23,0.011928570865273812,0.05354076692802976,0.004987541511038968,0.539,0.029,3.19,0.239,0.728,3.37,0.9735,0.00744,0.967,1.0,3.56,0.66,6.045005314036012
0.191,0.377,0.423,0.208,0.0,0.03343477608623742,0.001998002662673058,0.453,0.005,3.705,0.718,0.889,3.7,0.986,0.00877,0.725,1.0,3.52,0.688,7.284134806195205
0.23,0.249,0.294,0.046,0.002496880198587146,0.02176149178151271,0.005982071677547469,0.334,0.007,3.82,0.675,0.79,3.5770989010989007,0.9915,0.00857,0.991,1.0,4.27,0.734,7.774435510302958
0.657,0.782,0.893,0.177,0.046406372814155834,0.13714983814723364,0.06109509935981083,0.845,0.093,2.675,0.056,0.439,2.76,0.8654999999999999,0.00785,0.837,0.0,3.62,0.546,6.091309882077698
0.569,0.813,0.946,0.256,0.10029772131536387,0.12221763272424911,0.05921185963184603,0.883,0.072,2.545,0.064,0.313,2.85,0.8565,0.00664,0.917,0.0,1.88,0.611,6.100318952020064
0.139,0.55,0.523,0.181,0.0,0.04114194333117521,0.01291622526654623,0.639,0.006,3.675,0.867,0.917,4.21,0.9865,0.00859,0.938,1.0,4.32,0.918,6.1675164908883415
0.423,0.75,0.861,0.218,0.0,0.06297479916138839,0.002995508979798371,0.832,0.029,3.195,0.177,0.797,3.51,0.9875,0.0081,0.614,0.0,3.86,0.679,5.733341276897745
0.224,0.224,0.312,0.171,0.0,0.005982071677547469,0.005982071677547469,0.324,0.018,3.865,0.667,0.862,4.43,1.0,0.0085799999999999,1.0,1.0,4.97,0.824,5.14166355650266
0.32,0.857,0.933,0.303,0.05306672093669223,0.18148787604537725,0.07325046173959274,0.912,0.131,2.365,0.03,0.302,3.95,0.901,0.00524,0.799,0.0,2.87,0.685,5.529429087511423
0.332,0.833,0.927,0.246,0.07881118042428965,0.2295231582782488,0.04783732941416006,0.0,0.374,2.31,0.0,0.341,3.47,0.923,0.0068299999999999,0.418,0.0,3.35,0.383,5.799092654460527
0.16,0.657,0.647,0.175,0.007968169649176881,0.08801087732271339,0.018821754240587667,0.736,0.061,3.415,0.654,0.696,4.49,0.9845,0.0084099999999999,0.968,1.0,4.94,0.818,7.407924322559599
0.278,0.662,0.862,0.242,0.010939940038334263,0.10074990310014315,0.03343477608623742,0.759,0.026,3.12,0.268,0.674,4.11,1.0,0.00782,0.928,0.0,4.02,0.587,5.955837369464831
0.079,0.684,0.754,0.217,0.0,0.0962188577405429,0.015873349156290163,0.755,0.02,3.33,0.551,0.854,4.34,0.996,0.00818,0.941,0.0,4.77,0.793,6.222576268071369
0.373,0.84,0.928,0.266,0.0643822589292682,0.1484200051182732,0.06109509935981083,0.898,0.056,2.435,0.014,0.397,3.54,0.7905,0.00707,0.401,0.0,2.25,0.398,5.768320995793772
0.59,0.771,0.917,0.369,0.08801087732271339,0.1587116911548208,0.03729578474369693,0.864,0.089,2.27,0.077,0.404,3.74,0.8360000000000001,0.00663,0.788,0.0,3.27,0.268,5.062595033026967
0.673,0.849,0.98,0.375,0.16041672140590463,0.21268909341035094,0.11778303565638346,0.915,0.086,2.245,0.0,0.254,3.75,0.7475,0.00735,0.07,0.0,2.61,0.513,5.030437921392435
0.681,0.839,0.917,0.275,0.09531017980432495,0.175632568643158,0.07973496801885353,0.906,0.155,2.53,0.037,0.156,3.13,0.8674999999999999,0.00741,0.25,0.0,2.7,0.451,5.267858159063328
0.122,0.406,0.601,0.224,0.0,0.0695260626486103,0.009950330853168092,0.518,0.005,3.735,0.731,0.787,3.5770989010989007,0.9945,0.0085799999999999,0.925,1.0,4.71,0.643,5.996452088619021
0.731,0.839,0.955,0.3,0.060153922819747144,0.19309662996191315,0.04783732941416006,0.899,0.049,2.395,0.014,0.34,2.71,0.8214999999999999,0.00648,0.771,0.0,3.09,0.738,5.5909869805108565
0.546,0.779,0.939,0.201,0.08042724911261455,0.1336563848126736,0.04305948946044701,0.863,0.073,2.615,0.086,0.513,2.58,0.8315,0.00663,0.679,0.0,2.22,0.372,6.466144724237619
0.312,0.81,0.916,0.268,0.03052920503482279,0.1231021971339834,0.04305948946044701,0.878,0.028,2.4850000000000003,0.08,0.468,3.96,0.8945000000000001,0.00678,0.867,0.0,3.14,0.551,5.774551545544408
0.122,0.31,0.272,0.076,0.0,0.02273948696948934,0.003992021269537457,0.39,0.0,4.135,0.923,0.806,4.39,1.0,0.00927,1.0,1.0,4.69,0.995,6.320768294250582
0.441,0.829,0.977,0.251,0.03777736433402992,0.16211884947643512,0.03729578474369693,0.884,0.156,2.62,0.052,0.596,3.52,0.8979999999999999,0.00638,0.505,0.0,2.63,0.45,5.988961416889864
0.334,0.791,0.965,0.194,0.008959741371471801,0.09803374027136541,0.005982071677547469,0.863,0.065,3.01,0.298,0.742,3.5,0.9705,0.0069999999999999,0.917,0.0,3.22,0.809,5.831882477283517
0.463,0.84,0.967,0.204,0.015873349156290163,0.11955923505763925,0.024692612590371414,0.913,0.154,2.89,0.148,0.433,4.16,0.8995,0.00773,0.852,0.0,3.77,0.636,5.8971538676367405
0.606,0.832,0.956,0.249,0.06250520535139711,0.10436001532424286,0.01291622526654623,0.893,0.17,2.655,0.175,0.561,3.88,0.939,0.00639,0.582,0.0,4.57,0.684,6.118097198041348
0.519,0.805,0.969,0.274,0.02810143011087478,0.2295231582782488,0.05921185963184603,0.933,0.422,2.47,0.012,0.467,3.6,0.917,0.00582,0.679,0.0,3.7,0.578,5.799092654460527
0.524,0.776,0.969,0.215,0.0,0.302324349188651,0.06859279146561167,0.947,0.328,2.51,0.024,0.191,3.32,0.902,0.00625,0.47,0.0,2.9,0.681,5.7899601708972535
0.584,0.828,0.959,0.214,0.07834896641097633,0.21833199431698772,0.08984070399978955,0.945,0.367,2.505,0.027,0.271,2.88,0.7475,0.0056999999999999,0.384,0.0,2.82,0.328,5.888877958332881
0.427,0.841,0.946,0.254,0.12266001273588754,0.17311261770864483,0.09257918129309317,0.932,0.316,2.35,0.026,0.367,3.58,0.794,0.00648,0.288,0.0,3.56,0.53,5.916202062607436
0.469,0.8,0.935,0.185,0.08801087732271339,0.151862349309246,0.05354076692802976,0.874,0.145,2.655,0.128,0.469,3.03,0.8265,0.0069799999999999,0.493,0.0,2.66,0.641,7.1444071803211395
0.31,0.747,0.958,0.08,0.023716526617316065,0.3249778571954777,0.06109509935981083,0.0,0.774,2.1500000000000004,0.0,0.357,4.08,0.98,0.0058299999999999,0.873,0.0,3.72,0.561,6.3578422665081
0.303,0.861,0.979,0.26,0.0,0.1510028735365274,0.02078253918252841,0.924,0.034,2.54,0.079,0.444,3.98,0.983,0.00755,0.612,0.0,4.32,0.323,5.945420608606575
0.373,0.85,0.981,0.169,0.010939940038334263,0.12575120530556025,0.007968169649176881,0.919,0.033,3.14,0.192,0.555,4.02,0.943,0.0074199999999999,0.803,0.0,3.94,0.735,5.90536184805457
0.607,0.902,0.959,0.228,0.06578774053800315,0.18730909830499368,0.07973496801885353,0.934,0.115,2.48,0.009,0.571,3.48,0.8685,0.00711,0.744,0.0,3.73,0.513,6.51025834052315
0.468,0.655,0.933,0.101,0.06391332574365285,0.34712953109520095,0.268499253035007,0.0,0.884,1.775,0.019,0.196,3.91,0.8474999999999999,0.00588,0.667,0.0,3.99,0.39,5.796057750765372
0.691,0.884,0.954,0.273,0.13932706522109914,0.2342812957246657,0.10975086395911929,0.935,0.185,2.2350000000000003,0.0,0.263,4.05,0.7424999999999999,0.00642,0.239,0.0,3.73,0.269,5.37989735354046
0.511,0.943,0.972,0.32,0.09531017980432495,0.15785808461558032,0.06109509935981083,0.0,0.137,2.285,0.018,0.129,3.55,0.6705000000000001,0.00616,0.281,0.0,3.19,0.874,5.170483995038151
0.208,0.721,0.873,0.202,0.0,0.07417939817425147,0.017839918128331016,0.805,0.042,3.325,0.299,0.781,4.36,0.9965,0.00832,0.993,1.0,3.79,0.926,6.3473892096560105
0.335,0.795,0.97,0.224,0.029073247485707165,0.10885440491208206,0.04401688541677426,0.88,0.039,2.855,0.291,0.357,3.76,0.9335,0.00789,0.722,0.0,3.17,0.65,5.805134968916488
0.5,0.886,0.974,0.417,0.1501426584297194,0.16551443847757333,0.06765864847381486,0.931,0.158,2.29,0.0,0.186,3.26,0.707,0.00685,0.459,0.0,3.12,0.575,5.43372200355424
0.62,0.874,0.963,0.281,0.12266001273588754,0.1839868361130158,0.0778865386570712,0.934,0.135,2.495,0.049,0.392,3.66,0.8400000000000001,0.006,0.67,0.0,3.02,0.648,6.0088131854425955
0.474,0.933,0.979,0.293,0.11019879229807555,0.1747932903731631,0.08434114843375096,0.0,0.174,2.1950000000000003,0.0,0.327,3.69,0.7589999999999999,0.00576,0.11,0.0,3.52,0.402,6.066108090103747
0.764,0.0,0.941,0.291,0.10165365372649982,0.16889853646181388,0.06297479916138839,0.0,0.144,2.195,0.0,0.468,3.17,0.8035,0.00576,0.285,0.0,4.44,0.294,5.872117789475415
0.525,0.829,0.949,0.291,0.051168286574399424,0.15614868248993138,0.04305948946044701,0.899,0.132,2.435,0.023,0.366,3.04,0.9385,0.0072299999999999,0.837,0.0,2.33,0.452,6.016157159698353
0.476,0.882,0.952,0.225,0.036331929247390204,0.23111172096338664,0.035367143837291344,0.932,0.16,2.375,0.075,0.4853171247357294,3.5770989010989007,0.90875,0.00684,0.6569582463465553,0.0,3.4736402569593148,0.349,5.135798437050262
0.517,0.892,0.959,0.318,0.10210522293715359,0.18730909830499368,0.0778865386570712,0.0,0.112,2.24,0.022,0.348,3.47,0.764,0.00626,0.253,0.0,2.16,0.35,5.4116460518550396
0.646,0.888,0.979,0.242,0.06672363204290813,0.09531017980432495,0.014888612493750559,0.932,0.091,2.535,0.045,0.415,3.25,0.897,0.00705,0.485,0.0,2.52,0.266,5.805134968916488
0.487,0.832,0.706,0.156,0.11243542932978817,0.1501426584297194,0.09712671073072283,0.896,0.198,2.38,0.088,0.328,2.95,0.7915,0.00607,0.789,0.0,3.19,0.737,5.123963979403259
0.558,0.752,0.913,0.234,0.06719124954032317,0.09257918129309317,0.03729578474369693,0.804,0.05,2.59,0.047,0.381,3.91,0.882,0.00736,0.689,0.0,3.86,0.414,6.049733455231958
0.592,0.852,0.919,0.262,0.036331929247390204,0.1231021971339834,0.05921185963184603,0.9,0.058,2.62,0.021,0.225,3.12,0.8385,0.00702,0.686,0.0,2.35,0.604,5.886104031450156
0.629,0.801,0.823,0.244,0.10436001532424286,0.10345870836822997,0.06859279146561167,0.861,0.074,2.555,0.1,0.269,2.82,0.824,0.00616,0.378,1.0,2.77,0.347,5.7430031878094825
0.63,0.755,0.741,0.186,0.15315017949367474,0.10526051065749292,0.11422114409002285,0.833,0.167,2.5,0.052,0.37,2.53,0.8505,0.00573,0.265,0.0,2.25,0.402,5.918893854273146
0.456,0.785,0.833,0.255,0.031498667059371016,0.09712671073072283,0.013902905168991434,0.846,0.095,2.54,0.032,0.347,3.53,0.9335,0.00714,0.4,0.0,3.5,0.275,6.070737728002491
0.61,0.835,0.864,0.32,0.19350874618451905,0.13627761829254773,0.04114194333117521,0.886,0.136,2.395,0.013,0.272,3.5770989010989007,0.7609999999999999,0.00632,0.6,0.0,3.29,0.223,5.736572297479191
0.588,0.851,0.879,0.319,0.175632568643158,0.1839868361130158,0.09984533496971612,0.904,0.161,2.245,0.016,0.441,3.1,0.8625,0.0064599999999999,0.81,0.0,2.18,0.19,5.517452896464708
0.374,0.751,0.808,0.217,0.11911548089016193,0.09349034308733897,0.03729578474369693,0.813,0.1,2.745,0.068,0.37,3.05,0.8185,0.00655,0.384,0.0,3.04,0.219,6.962243464266207
0.383,0.752,0.871,0.161,0.10840587384378633,0.20048886074940356,0.20294084399669038,0.0,0.712,2.125,0.0,0.313,4.02,0.8779999999999999,0.00541,0.491,0.0,3.0,0.565,5.8522024797744745
0.288,0.865,0.893,0.274,0.18937992116140057,0.16211884947643512,0.08434114843375096,0.939,0.182,2.335,0.023,0.172,3.99,0.7585,0.0065799999999999,0.337,0.0,3.52,0.381,5.765191102784844
0.528,0.881,0.977,0.301,0.06109509935981083,0.1501426584297194,0.06859279146561167,0.936,0.128,2.41,0.04,0.224,3.64,0.8585,0.00639,0.92,0.0,3.51,0.736,5.8664680569332965
0.605,0.756,0.8119999999999999,0.269,0.0893835611346854,0.09075436326846413,0.06578774053800315,0.817,0.12,2.5250000000000004,0.044,0.455,2.79,0.8935,0.0062,0.549,0.0,2.8,0.438,6.016157159698353
0.574,0.833,0.889,0.273,0.13584122291141312,0.128393214768399,0.07045846364856137,0.892,0.096,2.43,0.014,0.287,2.57,0.8200000000000001,0.00694,0.292,0.0,2.15,0.668,5.981414211254481
0.386,0.868,0.953,0.221,0.0848006016924651,0.14496577025018564,0.058268908123975824,0.922,0.129,2.625,0.039,0.384,4.19,0.906,0.00631,0.825,0.0,3.75,0.543,6.0014148779611505
0.21,0.758,0.975,0.318,0.07417939817425147,0.1292723357041391,0.05354076692802976,0.843,0.045,2.49,0.075,0.324,3.68,0.8995,0.0068099999999999,0.649,0.0,2.83,0.426,5.66988092298052
0.697,0.863,0.983,0.297,0.025667746748577813,0.14410034397375687,0.011928570865273812,0.921,0.117,2.49,0.085,0.477,3.04,0.9035,0.00592,0.604,0.0,2.95,0.88,5.840641657373398
0.376,0.853,0.951,0.231,0.04401688541677426,0.1629688282781397,0.055434706888100524,0.927,0.095,2.65,0.051,0.41,4.09,0.935,0.0076099999999999,0.462,0.0,3.83,0.424,5.910796644040528
0.576,0.888,0.964,0.238,0.08801087732271339,0.14496577025018564,0.054488185284069776,0.946,0.153,2.5700000000000003,0.069,0.465,3.7,0.911,0.00745,0.875,0.0,3.55,0.591,5.831882477283517
0.439,0.784,0.897,0.222,0.05401458830623835,0.11422114409002285,0.02078253918252841,0.877,0.08,2.93,0.196,0.691,3.31,0.965,0.0077599999999999,0.777,0.0,3.81,0.541,5.963579343618447
0.566,0.921,0.984,0.298,0.08801087732271339,0.15785808461558032,0.058268908123975824,0.0,0.123,2.395,0.014,0.225,3.27,0.7605,0.0067599999999999,0.214,0.0,2.62,0.619,5.53338948872752
0.56,0.892,0.979,0.291,0.04545126290391736,0.15614868248993138,0.051643233151838386,0.942,0.08,2.59,0.038,0.463,3.61,0.899,0.00709,0.529,0.0,3.99,0.444,6.082218910376446
0.401,0.871,0.962,0.225,0.013902905168991214,0.151862349309246,0.005982071677547469,0.92,0.064,2.725,0.096,0.545,3.8,0.9685,0.00679,0.795,0.0,3.89,0.521,5.7430031878094825
0.427,0.862,0.992,0.246,0.06297479916138839,0.14583044821153954,0.010939940038334263,0.92,0.059,2.92,0.208,0.514,3.5770989010989007,0.891,0.00692,0.583,0.0,3.68,0.592,5.916202062607436
0.456,0.931,0.979,0.287,0.04353830201448341,0.19967019512856768,0.06109509935981083,0.0,0.172,2.435,0.071,0.32,3.84,0.917,0.00692,0.557,0.0,3.66,0.42,5.805134968916488
0.395,0.761,0.997,0.051,0.005982071677547469,0.44468582126144574,0.09257918129309317,0.0,0.761,2.005,0.0,0.359,4.44,0.9875,0.00692,0.981,0.0,4.88,0.713,5.8664680569332965
0.583,0.743,0.944,0.029,0.028587456851912472,0.2791457414294946,0.10795714150509236,0.0,0.918,1.91,0.0,0.296,3.5770989010989007,0.9165,0.00502,0.659,0.0,3.52,0.439,5.83773044716594
0.509,0.87,0.93,0.39,0.24098346944254073,0.22314355131420976,0.09531017980432495,0.949,0.13,2.12,0.0,0.271,2.78,0.5795,0.00617,0.026,0.0,1.89,0.49,4.61512051684126
0.524,0.879,0.964,0.266,0.11377501425884468,0.23031775506221003,0.12575120530556025,0.949,0.23,2.325,0.014,0.27,3.19,0.8029999999999999,0.00482,0.322,0.0,2.99,0.348,5.723585101952381
0.334,0.851,0.919,0.312,0.017839918128331016,0.126632650933366,0.017839918128331016,0.911,0.11,2.85,0.156,0.643,3.22,0.9125,0.00674,0.961,0.0,2.63,0.585,5.645446897643238
0.412,0.831,0.976,0.245,0.06812582904760044,0.126632650933366,0.045928931888399735,0.907,0.099,2.7,0.025,0.504,3.15,0.873,0.00612,0.663,0.0,2.57,0.653,6.161207321695076
0.587,0.873,0.991,0.285,0.0912108800533841,0.17395330712343798,0.06109509935981083,0.939,0.163,2.275,0.0,0.186,3.52,0.8365,0.00707,0.306,0.0,3.92,0.538,5.402677381872279
0.535,0.906,0.967,0.39,0.05401458830623835,0.2070141693843261,0.08157998699242285,0.0,0.133,2.15,0.0,0.266,3.09,0.8660000000000001,0.00511,0.947,0.0,3.26,0.967,5.805134968916488
0.294,0.907,0.984,0.341,0.126632650933366,0.25851069515150105,0.06765864847381486,0.0,0.194,2.28,0.0,0.2,3.43,0.7535000000000001,0.00633,0.583,0.0,2.84,0.589,4.867534450455582
0.459,0.751,0.944,0.086,0.04783732941416006,0.33789978861239844,0.23586232372198446,0.0,0.929,1.805,0.014,0.349,3.96,0.911,0.0051,0.589,0.0,4.48,0.609,5.82600010738045
0.405,0.794,0.922,0.2,0.0,0.10345870836822997,0.02176149178151271,0.862,0.047,2.8200000000000003,0.08,0.79,3.42,0.9475,0.0073,0.473,0.0,3.87,0.578,5.771441123130016
0.214,0.482,0.6749999999999999,0.203,0.07510747248680547,0.06859279146561167,0.002995508979798371,0.558,0.064,2.975,0.386,0.681,3.69,0.9305,0.00795,0.703,1.0,3.43,0.651,6.539585955617669
0.581,0.826,0.897,0.316,0.07417939817425147,0.14323416808590772,0.055434706888100524,0.902,0.105,2.675,0.093,0.317,3.54,0.8500000000000001,0.00659,0.355,0.0,3.34,0.584,5.863631175598097
0.661,0.842,0.946,0.281,0.11243542932978817,0.16974277458709455,0.010939940038334263,0.909,0.084,2.585,0.063,0.443,3.21,0.8305,0.00638,0.363,0.0,3.4,0.564,5.908082938168931
0.599,0.836,0.954,0.225,0.036331929247390204,0.1397619423751586,0.0620353909194527,0.901,0.132,2.405,0.018,0.441,3.56,0.85,0.0058099999999999,0.273,1.0,3.64,0.443,5.638354669333745
0.277,0.863,0.977,0.26,0.042101176018635326,0.13540463700620298,0.016857117066422806,0.924,0.173,2.35,0.169,0.508,3.54,0.9925,0.00695,0.846,0.0,2.57,0.592,5.883322388488279
0.598,0.816,0.917,0.294,0.027615167032973172,0.15614868248993138,0.03052920503482279,0.889,0.091,2.62,0.125,0.467,3.33,0.903,0.00713,0.542,0.0,3.17,0.327,5.955837369464831
0.479,0.713,0.952,0.026,0.22554067591393118,0.38797979376714486,0.12221763272424911,0.0,0.909,1.94,0.012,0.252,2.81,0.657,0.00444,0.085,0.0,2.37,0.496,5.442417710521794
0.474,0.863,0.947,0.222,0.11733849241723336,0.16889853646181388,0.04879016416943205,0.902,0.128,2.575,0.022,0.33,3.33,0.8594999999999999,0.0066099999999999,0.758,0.0,2.76,0.534,5.840641657373398
0.48,0.84,1.0,0.084,0.1338750835560276,0.32280787442715503,0.06485097231961626,0.0,0.727,2.17,0.0,0.226,3.74,0.8049999999999999,0.00463,0.773,0.0,2.88,0.602,5.843544417031359
0.897,0.867,0.8420000000000001,0.287,0.08134954569632313,0.1527210870176639,0.07045846364856137,0.922,0.206,2.375,0.047,0.403,3.5770989010989007,0.8385,0.00639,0.255,1.0,3.23,0.564,6.07993319509559
0.409,0.798,0.891,0.184,0.01439588028373234,0.1773090149704103,0.03343477608623742,0.887,0.272,2.615,0.114,0.523,3.75,0.9775,0.00677,0.97,0.0,3.58,0.708,6.437751649736402
0.301,0.755,0.941,0.219,0.05638033343610748,0.1484200051182732,0.003992021269537457,0.846,0.16,2.725,0.1,0.477,3.82,0.8845000000000001,0.00694,0.585,0.0,3.79,0.369,6.267200548541362
0.572,0.858,0.918,0.234,0.0,0.15700374880966467,0.02955880224154443,0.919,0.14,2.675,0.127,0.545,3.85,0.962,0.00586,0.646,0.0,4.64,0.287,5.996452088619021
0.252,0.851,0.954,0.275,0.13758566295256314,0.21913552991667104,0.05921185963184603,0.919,0.235,2.53,0.052,0.272,4.01,0.9015,0.00621,0.542,0.0,3.62,0.773,5.929589143389895
0.299,0.831,0.929,0.243,0.02078253918252841,0.09893994785490366,0.02176149178151271,0.884,0.09,2.895,0.207,0.44,3.42,0.884,0.00716,0.621,0.0,3.42,0.433,5.908082938168931
0.296,0.674,0.923,0.201,0.0,0.0944006754214843,0.02273948696948934,0.777,0.036,2.9400000000000004,0.19,0.702,4.23,0.976,0.0076,1.0,0.0,4.81,0.807,5.976350909297934
0.36,0.853,0.952,0.241,0.0,0.12044615307586726,0.04688358589885046,0.907,0.108,2.59,0.075,0.462,3.54,1.0,0.0067599999999999,0.476,0.0,3.31,0.559,6.030685260261263
0.467,0.831,0.943,0.299,0.010939940038334263,0.1466943791508034,0.025667746748577813,0.896,0.171,2.645,0.203,0.56,3.56,0.9625,0.0063,0.361,0.0,3.96,0.371,5.955837369464831
0.331,0.812,0.859,0.223,0.036331929247390204,0.16211884947643512,0.04879016416943205,0.88,0.086,2.595,0.086,0.537,3.21,0.944,0.00697,0.937,0.0,2.11,0.769,6.952728644624869
0.195,0.706,0.949,0.207,0.004987541511038968,0.10526051065749292,0.023716526617316065,0.796,0.036,2.885,0.175,0.578,3.79,1.0,0.00717,0.974,0.0,3.69,0.706,6.030685260261263
0.107,0.366,0.133,0.021,0.003493889254255617,0.02761516703297339,0.001998002662673058,0.442,0.0,4.1850000000000005,0.963,0.946,4.31,0.996,0.00941,0.997,1.0,4.45,0.907,7.989560449333865
0.35,0.799,0.851,0.17,0.008959741371471801,0.18315454309784654,0.03052920503482279,0.908,0.36,2.765,0.333,0.623,3.74,0.9905,0.00717,0.823,0.0,3.1,0.468,6.035481432524756
0.434,0.64,0.967,0.039,0.027128667388252696,0.3206331725914669,0.2554171118645054,0.0,0.994,1.78,0.0,0.165,3.03,0.9405,0.00314,0.726,0.0,2.92,0.327,5.8111409929767
0.523,0.872,0.93,0.35,0.05448818528406957,0.15529288440603525,0.04974209189481401,0.929,0.069,2.315,0.0,0.342,3.26,0.934,0.0066,0.423,0.0,3.26,0.343,5.616771097666572
0.268,0.861,0.941,0.302,0.042101176018635326,0.16720791898390638,0.05732506661926935,0.921,0.186,2.4000000000000004,0.103,0.373,3.96,0.9315,0.00719,0.944,0.0,4.51,0.415,6.052089168924417
0.603,0.879,0.917,0.294,0.06765864847381486,0.1510028735365274,0.054488185284069776,0.934,0.15,2.35,0.034,0.25,3.02,0.9235,0.00664,0.352,0.0,3.28,0.617,6.023447592961033
0.1,0.261,0.282,0.028,0.0,0.01980262729617973,0.0,0.353,0.0,4.140000000000001,0.966,0.978,4.37,0.989,0.00927,1.0,1.0,4.47,0.744,5.988961416889864
0.492,0.711,0.874,0.18,0.007968169649176881,0.1310282624064042,0.016857117066422806,0.795,0.066,2.73,0.093,0.783,2.79,0.9915,0.00799,0.917,0.0,3.3,0.429,5.860786223465866
0.575,0.836,0.894,0.233,0.2110709700799404,0.16551443847757333,0.10975086395911929,0.894,0.101,2.395,0.0,0.258,3.2,0.7675000000000001,0.00716,0.5,0.0,3.4,0.228,5.247024072160486
0.599,0.823,0.918,0.273,0.14626250697825205,0.1747932903731631,0.09531017980432495,0.886,0.132,2.3,0.0,0.418,3.51,0.857,0.00634,0.191,0.0,3.49,0.705,5.398162701517753
0.306,0.764,0.934,0.195,0.08846864798760819,0.11064652008706365,0.0944006754214843,0.839,0.036,2.41,0.02,0.352,3.55,0.8095000000000001,0.00667,0.803,0.0,3.08,0.571,5.978885764901121
0.347,0.738,0.888,0.304,0.05968300216117384,0.13540463700620298,0.045928931888399735,0.826,0.079,2.475,0.137,0.504,3.77,0.8505,0.0067599999999999,0.56,0.0,3.12,0.315,6.154858094016418
0.237,0.705,0.663,0.205,0.04162167469081945,0.10436001532424286,0.028587456851912472,0.782,0.068,3.015,0.233,0.558,3.69,0.9085,0.00768,0.849,0.0,3.37,0.626,6.322565239927283
0.385,0.844,0.934,0.239,0.07464354299576571,0.2143046026470053,0.058268908123975824,0.905,0.122,2.41,0.053,0.452,3.88,0.878,0.00637,0.4,0.0,2.75,0.5,5.8664680569332965
0.36,0.729,0.752,0.232,0.030044121348376644,0.11064652008706365,0.017839918128331016,0.804,0.119,2.63,0.139,0.439,3.2,0.853,0.00686,0.891,1.0,2.57,0.493,6.07993319509559
0.496,0.82,0.832,0.272,0.1115413747329073,0.11955923505763925,0.04688358589885046,0.872,0.089,2.695,0.065,0.317,2.99,0.851,0.00649,0.413,0.0,3.07,0.452,6.0330862217988015
0.307,0.727,0.919,0.243,0.07649797097272491,0.15700374880966467,0.06297479916138839,0.814,0.072,2.475,0.055,0.307,3.21,0.8285,0.00707,0.706,0.0,3.3,0.515,7.545389749611823
0.394,0.789,0.867,0.254,0.058268908123975824,0.10165365372649982,0.026641930946421092,0.849,0.067,2.615,0.075,0.419,4.02,0.892,0.0065,0.366,0.0,4.5,0.356,5.926926025970411
0.318,0.702,0.708,0.044,0.06531946612064246,0.18647956694261839,0.14928170271575447,0.0,0.806,1.985,0.009,0.327,3.86,0.9155,0.00611,0.633,0.0,3.4,0.456,5.90536184805457
0.249,0.757,0.877,0.05,0.05921185963184603,0.21752781252857398,0.07973496801885353,0.925,0.64,2.3200000000000003,0.049,0.408,4.04,0.908,0.00614,0.518,0.0,3.66,0.73,5.707110264748875
0.332,0.742,0.94,0.232,0.1075082077152852,0.13714983814723364,0.09984533496971612,0.802,0.087,2.35,0.0,0.349,3.93,0.903,0.00622,0.81,0.0,3.86,0.682,5.942799375126701
0.309,0.714,0.847,0.286,0.03777736433402992,0.08342160813907237,0.036331929247390204,0.787,0.07,2.68,0.073,0.5,3.99,0.9275,0.00757,0.638,0.0,3.58,0.469,6.129050210060545
0.472,0.848,0.908,0.314,0.11689375147149943,0.1629688282781397,0.08434114843375096,0.898,0.12,2.41,0.0,0.173,3.36,0.8605,0.0058,0.288,0.0,2.69,0.636,5.648974238161206
0.273,0.82,0.94,0.233,0.12266001273588754,0.15956456967133845,0.11332868530700327,0.872,0.133,2.375,0.044,0.266,3.88,0.843,0.00639,0.556,0.0,4.3,0.633,5.017279836814924
0.404,0.875,0.936,0.277,0.04114194333117521,0.10165365372649982,0.007968169649176881,0.93,0.152,2.51,0.049,0.419,3.52,0.9645,0.00733,0.63,0.0,3.41,0.36,5.929589143389895
0.519,0.917,0.981,0.378,0.17058630057553364,0.22793206804600694,0.13190507087993858,0.0,0.167,2.325,0.02,0.235,2.41,0.7435,0.00529,0.2,0.0,2.3,0.5,5.056245805348308
0.292,0.875,0.975,0.314,0.12883287184296838,0.1764711431157791,0.1239859797809913,0.934,0.189,2.35,0.071,0.298,3.99,0.7889999999999999,0.00633,0.329,0.0,3.37,0.486,5.638354669333745
0.514,0.876,0.957,0.245,0.013902905168991214,0.07232066157962608,0.02273948696948934,0.928,0.124,2.68,0.286,0.547,3.57,0.9505,0.00674,1.0,0.0,3.52,0.788,5.726847747587198
0.509,0.88,0.913,0.298,0.10885440491208206,0.16551443847757333,0.05638033343610769,0.936,0.16,2.4450000000000003,0.071,0.327,3.85,0.8634999999999999,0.00629,0.774,0.0,3.57,0.57,5.993961427306569
0.441,0.593,1.0,0.013,0.06109509935981083,0.28517894223366247,0.15529288440603525,0.0,0.923,1.755,0.0,0.265,4.25,0.918,0.00643,0.662,0.0,4.9,0.441,5.697093486505405
0.383,0.824,0.961,0.269,0.044973365642731196,0.13802129789737458,0.04114194333117521,0.892,0.106,2.69,0.052,0.487,3.41,0.9315,0.0067099999999999,0.485,0.0,3.03,0.532,5.8805329864007
0.557,0.887,0.928,0.267,0.20904462693470804,0.19967019512856768,0.11600367575630612,0.0,0.164,2.245,0.016,0.185,2.84,0.783,0.00567,0.317,0.0,2.39,0.308,5.278114659230517
0.506,0.902,0.967,0.287,0.17772768778372727,0.19721016928770524,0.10165365372649982,0.0,0.186,2.405,0.022,0.49,3.85,0.8225,0.0069999999999999,0.269,0.0,3.85,0.531,5.730099782973574
0.327,0.876,0.95,0.347,0.10795714150509236,0.15529288440603525,0.07510747248680547,0.944,0.192,2.375,0.037,0.36,3.38,0.8035,0.00639,0.339,0.0,2.9,0.332,5.958424693029782
0.302,0.555,0.952,0.031,0.1527210870176639,0.21672298351128702,0.2374408560150342,0.0,0.879,1.945,0.0,0.214,3.28,0.905,0.00582,0.544,0.0,3.0,0.592,5.87493073085203
0.722,0.895,0.949,0.316,0.0902976379807804,0.15785808461558032,0.07417939817425147,0.943,0.158,2.215,0.01,0.274,3.93,0.8425,0.0067599999999999,0.356,0.0,4.11,0.459,6.1224928095143865
0.603,0.892,0.972,0.339,0.24412195769940145,0.1510028735365274,0.08801087732271339,0.928,0.088,2.29,0.013,0.241,2.61,0.8035,0.0057399999999999,0.158,0.0,2.87,0.339,5.529429087511423
0.651,0.827,0.955,0.279,0.10210522293715359,0.13540463700620298,0.03825871211709027,0.875,0.022,2.4450000000000003,0.0,0.346,2.68,0.8475,0.0065599999999999,0.721,0.0,2.53,0.743,5.19295685089021
0.609,0.788,0.969,0.232,0.03777736433402992,0.0778865386570712,0.04974209189481401,0.826,0.01,2.43,0.0,0.25,2.92,0.8545,0.00659,0.472,0.0,2.39,0.939,4.605170185988092
0.516,0.81,0.893,0.322,0.069992371820035,0.12221763272424911,0.0962188577405429,0.856,0.052,2.505,0.058,0.338,3.57,0.863,0.00605,0.309,0.0,3.42,0.438,6.248042874508429
0.2,0.679,0.827,0.161,0.016857117066422806,0.08065790301745454,0.023716526617316065,0.767,0.022,2.865,0.106,0.569,2.83,0.978,0.00717,0.913,0.0,2.7,0.739,6.212606095751519
0.143,0.428,0.121,0.017,0.001998002662673058,0.03343477608623742,0.001998002662673058,0.513,0.001,4.135,0.979,0.843,4.14,0.981,0.0091799999999999,0.995,1.0,4.35,0.984,8.689969335366662
0.405,0.606,0.77,0.031,0.08846864798760819,0.211880359035499,0.22074066669789932,0.934,0.911,2.03,0.016,0.423,4.37,0.845,0.00511,0.754,0.0,4.88,0.445,5.680172609017068
0.627,0.715,0.899,0.174,0.02955880224154443,0.07603468627599758,0.031498667059371016,0.78,0.034,2.885,0.159,0.538,3.62,0.9415,0.00745,0.42,1.0,4.65,0.416,6.093569770045136
0.598,0.81,0.738,0.184,0.039701366851552046,0.10526051065749292,0.03825871211709027,0.869,0.072,2.685,0.097,0.574,2.99,0.964,0.00506,0.986,0.0,2.35,0.675,5.723585101952381
0.722,0.78,0.922,0.339,0.08434114843375096,0.14496577025018564,0.05354076692802976,0.837,0.028,2.68,0.0,0.206,3.42,0.8160000000000001,0.0060999999999999,0.391,1.0,4.06,0.454,5.389071729816501
0.244,0.513,0.856,0.123,0.0,0.06297479916138839,0.004987541511038968,0.626,0.003,3.265,0.32,0.675,3.96,1.0,0.00847,0.9,1.0,4.34,0.644,5.948034989180646
0.387,0.728,0.915,0.279,0.02955880224154443,0.1301506844650451,0.031498667059371016,0.798,0.037,2.62,0.093,0.317,3.25,0.9215,0.0065799999999999,0.771,0.0,3.23,0.415,6.33327962813969
0.496,0.639,0.8979999999999999,0.178,0.0074720148387010564,0.08801087732271339,0.02078253918252841,0.732,0.015,3.14,0.199,0.529,3.11,0.979,0.00797,0.982,1.0,3.0,0.79,6.626717749249025
0.394,0.639,0.841,0.21,0.009950330853168092,0.08250122151174377,0.02761516703297339,0.727,0.049,2.96,0.222,0.513,3.5770989010989007,0.9535,0.00667,0.678,0.0,2.61,0.529,6.063785208687608
0.52,0.832,0.944,0.314,0.02615495747685118,0.1466943791508034,0.036331929247390204,0.925,0.245,2.545,0.015,0.234,3.73,0.738,0.0065599999999999,0.606,0.0,3.45,0.332,5.777652323222656
0.236,0.452,0.2319999999999999,0.035,0.003992021269537457,0.03825871211709027,0.003992021269537457,0.533,0.003,4.065,0.975,0.815,3.8,0.9915,0.00894,0.985,1.0,3.63,0.992,6.683360945766275
0.476,0.74,0.879,0.216,0.010939940038334263,0.13802129789737458,0.014888612493750559,0.834,0.112,2.78,0.099,0.289,3.69,0.919,0.00622,0.61,0.0,3.91,0.291,6.023447592961033
0.38,0.82,0.95,0.266,0.10705907229340776,0.1587116911548208,0.11955923505763925,0.916,0.2,2.405,0.034,0.251,4.02,0.7725,0.00567,0.718,0.0,4.17,0.585,5.981414211254481
0.411,0.616,0.891,0.201,0.11019879229807555,0.15700374880966467,0.09075436326846413,0.905,0.432,2.49,0.029,0.3,3.38,0.8175,0.00599,0.413,0.0,2.45,0.459,6.180016653652572
0.504,0.773,0.848,0.199,0.15315017949367474,0.14410034397375687,0.06297479916138839,0.89,0.196,2.67,0.136,0.332,3.2,0.8525,0.00652,0.619,0.0,3.61,0.594,6.297109319933935
0.186,0.742,0.935,0.174,0.018821754240587667,0.10885440491208206,0.03729578474369693,0.809,0.05,2.83,0.07,0.407,4.33,0.9545,0.00685,0.446,0.0,3.48,0.661,6.326149473155099
0.289,0.728,0.865,0.235,0.003992021269537457,0.1115413747329073,0.02955880224154443,0.805,0.069,2.76,0.147,0.436,4.24,0.9705,0.00778,0.903,0.0,3.94,0.522,6.385194398997725
0.45,0.737,0.8620000000000001,0.213,0.0,0.09075436326846413,0.03440142671733232,0.804,0.047,2.795,0.133,0.483,3.8,0.97,0.0078,0.617,0.0,3.45,0.558,6.530877627725885
0.754,0.879,0.932,0.306,0.035367143837291344,0.14583044821153954,0.04879016416943205,0.936,0.093,2.27,0.0,0.314,3.57,0.77,0.00684,0.738,0.0,3.78,0.865,5.641907070938113
0.33,0.774,0.917,0.331,0.08503024918457561,0.12133228516752496,0.05732506661926935,0.829,0.083,2.505,0.067,0.316,3.94,0.836,0.00705,0.508,0.0,3.74,0.438,5.921578419643815
0.624,0.788,0.863,0.238,0.016857117066422806,0.13802129789737458,0.025667746748577813,0.865,0.063,2.685,0.082,0.649,3.75,0.958,0.00682,0.525,0.0,3.61,0.587,5.247024072160486
0.703,0.831,0.958,0.312,0.13802129789737458,0.10975086395911929,0.04114194333117521,0.89,0.18,2.21,0.0,0.17,3.81,0.7845,0.0074,0.696,0.0,4.35,0.476,5.247024072160486
0.403,0.648,0.881,0.214,0.0,0.07045846364856137,0.011928570865273812,0.719,0.015,2.945,0.123,0.514,3.62,0.98,0.00799,0.58,0.0,3.92,0.606,5.793013608384144
0.666,0.655,0.728,0.27,0.044495239886551304,0.08434114843375096,0.02273948696948934,0.724,0.053,2.64,0.105,0.57,3.5770989010989007,0.943,0.00726,0.987,1.0,4.29,0.559,5.986452005284438
0.56,0.746,0.872,0.226,0.069992371820035,0.13190507087993858,0.042101176018635326,0.823,0.063,2.705,0.049,0.382,3.11,0.8905000000000001,0.00739,0.354,0.0,4.44,0.725,6.1355648910817395
0.653,0.647,0.742,0.217,0.1336563848126736,0.10255658832509215,0.13627761829254773,0.857,0.342,2.465,0.031,0.16,2.96,0.7404999999999999,0.00563,0.719,0.0,2.3,0.22,5.69035945432406
0.568,0.664,0.8220000000000001,0.256,0.044973365642731196,0.10074990310014315,0.016857117066422806,0.746,0.067,2.79,0.19,0.481,3.74,0.875,0.00707,0.791,0.0,4.26,0.706,5.888877958332881
0.476,0.428,0.577,0.202,0.03512580197537409,0.08250122151174377,0.03825871211709027,0.533,0.058,2.96,0.277,0.538,3.42,0.9045,0.00704,0.681,1.0,3.8,0.776,5.894402834264851
0.466,0.667,0.896,0.183,0.1075082077152852,0.1839868361130158,0.1501426584297194,0.83,0.217,2.635,0.011,0.292,3.46,0.843,0.00628,0.695,0.0,3.56,0.498,5.793013608384144
0.452,0.815,0.497,0.156,0.16974277458709455,0.13802129789737458,0.16974277458709455,0.919,0.481,2.3600000000000003,0.038,0.283,3.96,0.8285,0.00513,0.385,0.0,3.66,0.607,4.912654885736052
0.397,0.523,0.789,0.159,0.01291622526654623,0.050693114315518165,0.011928570865273812,0.607,0.005,3.14,0.121,0.532,3.41,0.965,0.00753,0.712,1.0,3.54,0.505,6.825460036255307
0.577,0.792,0.7729999999999999,0.199,0.05897620510029726,0.09257918129309317,0.06485097231961626,0.885,0.237,2.615,0.101,0.374,3.28,0.893,0.00689,0.737,1.0,3.08,0.802,7.2485040723706105
0.259,0.46,0.3309999999999999,0.157,0.0,0.035367143837291344,0.007968169649176881,0.529,0.008,3.685,0.871,0.803,4.07,0.997,0.0090599999999999,0.994,1.0,4.11,0.701,6.579251212010101
0.505,0.81,0.922,0.323,0.07557118684707403,0.20375683751401963,0.09531017980432495,0.876,0.05,2.36,0.033,0.208,3.47,0.7745,0.0065099999999999,0.5,0.0,2.87,0.356,5.991464547107982
0.527,0.798,0.918,0.217,0.06719124954032338,0.12044615307586726,0.04114194333117521,0.865,0.068,2.595,0.037,0.358,2.65,0.9225,0.00654,0.573,0.0,3.4736402569593148,0.571,6.302618975744904
0.547,0.862,0.8620000000000001,0.266,0.126632650933366,0.1527210870176639,0.08157998699242285,0.921,0.144,2.49,0.027,0.167,3.01,0.8625,0.0058,0.216,0.0,2.71,0.665,5.241747015059643
0.627,0.835,0.8719999999999999,0.338,0.035367143837291344,0.1527210870176639,0.07232066157962608,0.893,0.06,2.47,0.029,0.311,2.74,0.8445,0.00605,0.514,0.0,2.28,0.662,4.897839799950911
0.418,0.67,0.936,0.172,0.010939940038334263,0.10526051065749292,0.035367143837291344,0.746,0.017,2.83,0.082,0.594,3.5770989010989007,0.8505,0.00633,0.576,0.0,3.41,0.636,6.274762021241939
0.265,0.762,0.94,0.196,0.1406311297397456,0.19967019512856768,0.058268908123975824,0.844,0.089,2.435,0.039,0.3,3.6,0.873,0.00662,0.353,0.0,3.06,0.494,5.4638318050256105
0.415,0.757,0.8919999999999999,0.234,0.02810143011087478,0.17058630057553364,0.09984533496971612,0.878,0.15,2.53,0.0,0.297,3.49,0.866,0.00738,0.625,0.0,3.28,0.483,5.872117789475415
0.553,0.676,0.8029999999999999,0.049,0.10975086395911908,0.22314355131420976,0.25619140536041013,0.0,0.919,2.03,0.0,0.337,4.04,0.7805,0.00517,0.784,0.0,4.4,0.201,5.652489180268651
0.293,0.668,0.909,0.232,0.0769610411361284,0.13190507087993858,0.04401688541677426,0.756,0.082,2.6050000000000004,0.098,0.391,4.46,0.9105,0.00669,0.549,0.0,3.93,0.718,5.398162701517753
0.545,0.747,0.948,0.295,0.12000279239469631,0.1239859797809913,0.10526051065749292,0.83,0.063,2.475,0.051,0.397,3.07,0.904,0.00635,0.603,0.0,3.36,0.211,5.25227342804663
0.144,0.765,0.881,0.205,0.06905953593149455,0.13714983814723364,0.0620353909194527,0.827,0.09,2.51,0.042,0.305,4.29,0.8925000000000001,0.00631,0.297,0.0,3.99,0.375,6.152732694704104
0.464,0.722,0.889,0.189,0.14971227322832675,0.13190507087993858,0.10885440491208206,0.841,0.181,2.48,0.033,0.275,3.41,0.8795,0.00605,0.852,0.0,3.58,0.542,5.429345628954441
0.122,0.588,0.896,0.15,0.005484930230569745,0.05921185963184603,0.006975613736425138,0.671,0.013,3.295,0.296,0.694,4.12,1.0,0.0076099999999999,0.888,0.0,4.72,0.926,6.131226489483141
0.426,0.687,0.911,0.167,0.007968169649176881,0.12133228516752496,0.026641930946421092,0.758,0.02,2.865,0.067,0.574,3.47,0.9485,0.00642,0.408,0.0,3.31,0.478,6.111467339502678
0.448,0.705,0.855,0.207,0.1146670749781259,0.12575120530556025,0.04879016416943205,0.783,0.092,2.8150000000000004,0.145,0.359,3.16,0.8965000000000001,0.0069099999999999,0.395,0.0,3.04,0.391,5.568344503761097
0.439,0.798,0.954,0.225,0.05306672093669223,0.1406311297397456,0.0620353909194527,0.856,0.028,2.62,0.033,0.313,3.6,0.8035,0.0065099999999999,0.7,0.0,2.86,0.674,5.389071729816501
0.152,0.453,0.939,0.089,0.0074720148387010564,0.03825871211709027,0.005982071677547469,0.557,0.005,3.405,0.479,0.752,3.26,0.985,0.00718,0.944,1.0,3.17,0.859,6.781057625936179
0.264,0.679,0.944,0.188,0.05259245011917063,0.10255658832509215,0.044973365642731196,0.761,0.101,2.68,0.044,0.406,3.05,0.84,0.0065,0.82,0.0,2.62,0.5,7.083387847625295
0.407,0.718,0.962,0.246,0.03198304585305074,0.11689375147149943,0.02273948696948934,0.792,0.042,2.6100000000000003,0.119,0.463,3.54,0.9035,0.0075,0.847,1.0,3.78,0.629,6.16541785423142
0.685,0.79,0.873,0.162,0.06531946612064246,0.14583044821153954,0.055434706888100524,0.849,0.057,2.605,0.051,0.345,2.34,0.871,0.00603,0.424,0.0,2.17,0.528,5.438079308923196
0.41,0.674,0.911,0.22,0.04353830201448341,0.1231021971339834,0.09166718852582388,0.762,0.137,2.62,0.108,0.43,3.41,0.8925000000000001,0.00609,0.591,0.0,3.85,0.399,5.749392985908253
0.514,0.656,0.886,0.224,0.08365157249561078,0.10345870836822997,0.05354076692802976,0.718,0.109,2.43,0.095,0.24,3.82,0.8605,0.00632,0.714,0.0,3.57,0.366,5.214935757608986
0.665,0.762,0.938,0.271,0.06905953593149455,0.14149956227369942,0.09531017980432495,0.828,0.057,2.4450000000000003,0.02,0.338,2.6,0.819,0.00633,0.21,0.0,1.91,0.357,5.351858133476067
0.587,0.741,0.893,0.348,0.07742389696480363,0.1466943791508034,0.12486898204586927,0.813,0.127,2.275,0.0,0.329,3.58,0.7525,0.00607,0.357,0.0,3.21,0.513,5.0689042022202315
0.552,0.719,0.862,0.165,0.050217716160617515,0.08801087732271339,0.08157998699242285,0.79,0.119,2.56,0.038,0.669,3.6,0.9025,0.0064599999999999,0.283,0.0,4.41,0.262,5.564520407322694
0.505,0.726,0.865,0.267,0.02078253918252841,0.126632650933366,0.035367143837291344,0.783,0.089,2.485,0.056,0.291,3.56,0.881,0.00592,0.269,0.0,3.69,0.445,5.641907070938113
0.455,0.711,0.966,0.251,0.11911548089016212,0.11600367575630612,0.0695260626486103,0.775,0.038,2.63,0.026,0.355,3.31,0.8795,0.0066099999999999,0.821,0.0,2.48,0.613,5.4638318050256105
0.484,0.674,0.906,0.115,0.058740495022600085,0.11511280710050446,0.03729578474369693,0.76,0.104,2.71,0.085,0.513,3.17,0.9035,0.0065,0.349,0.0,3.89,0.341,5.976350909297934
0.202,0.727,0.827,0.188,0.05685281159278279,0.1301506844650451,0.04305948946044701,0.779,0.085,2.575,0.061,0.394,4.16,0.9625,0.00692,0.818,0.0,4.01,0.686,5.963579343618447
0.439,0.739,0.935,0.275,0.10481036435234511,0.12221763272424911,0.14755756435761466,0.796,0.109,2.265,0.0,0.208,3.67,0.7545,0.00686,0.337,0.0,3.69,0.297,4.934473933130692
0.653,0.807,0.911,0.248,0.023228126119207243,0.1292723357041391,0.035367143837291344,0.854,0.028,2.505,0.063,0.519,3.49,0.942,0.0067,0.911,0.0,3.37,0.65,5.8971538676367405
0.474,0.779,0.96,0.224,0.03488440185350188,0.08892620919440149,0.02761516703297339,0.842,0.038,2.7,0.089,0.394,3.5770989010989007,0.975,0.00716,0.532,0.0,3.44,0.673,5.988961416889864
0.54,0.728,0.925,0.228,0.07162274367296736,0.09712671073072283,0.026641930946421092,0.808,0.017,2.465,0.029,0.274,3.06,0.864,0.0066099999999999,0.428,0.0,3.54,0.452,5.68697535633982
0.375,0.781,0.895,0.425,0.06485097231961626,0.15614868248993138,0.044973365642731196,0.853,0.087,2.245,0.016,0.056,3.85,0.831,0.00527,0.262,1.0,2.77,0.365,5.393627546352362
0.597,0.821,0.8919999999999999,0.314,0.175632568643158,0.211880359035499,0.14583044821153954,0.922,0.157,2.245,0.0,0.19,2.91,0.7535000000000001,0.00614,0.414,0.0,2.36,0.364,4.9487598903781675
0.261,0.785,0.932,0.24,0.04066198171888972,0.1484200051182732,0.06859279146561167,0.848,0.114,2.585,0.09,0.646,4.22,0.926,0.00655,0.679,0.0,3.64,0.52,5.786897381366708
0.629,0.833,0.899,0.275,0.08984070399978955,0.19062035960864968,0.10975086395911929,0.885,0.123,2.305,0.0,0.089,3.25,0.756,0.00628,0.34,0.0,2.12,0.638,4.934473933130692
0.343,0.53,0.954,0.023,0.08204071033620941,0.16805358499624976,0.10885440491208206,0.0,0.951,1.89,0.009,0.278,3.91,0.909,0.00291,0.816,0.0,3.56,0.699,5.85793315448346
0.356,0.713,0.773,0.304,0.06109509935981083,0.10165365372649982,0.044973365642731196,0.781,0.06,2.495,0.032,0.22,3.27,0.874,0.0072,0.899,0.0,2.98,0.668,6.682108597449809
0.512,0.698,0.877,0.238,0.07045846364856137,0.11600367575630612,0.03825871211709027,0.781,0.074,2.76,0.109,0.517,3.53,0.933,0.00684,0.569,0.0,3.0,0.398,6.0112671744041615
0.442,0.807,0.825,0.206,0.025667746748577813,0.11243542932978817,0.05638033343610769,0.877,0.211,2.445,0.072,0.444,3.72,0.988,0.0055899999999999,0.526,0.0,3.59,0.86,5.978885764901121
0.484,0.725,0.895,0.189,0.06156535565815473,0.11600367575630612,0.04305948946044701,0.843,0.213,2.58,0.12,0.301,3.61,0.962,0.0060799999999999,0.489,0.0,3.37,0.806,6.013715156042801
0.641,0.872,0.89,0.32,0.1406311297397456,0.1823215567939546,0.10705907229340776,0.926,0.142,2.205,0.009,0.207,2.94,0.806,0.00615,0.547,0.0,2.48,0.499,6.030685260261263
0.437,0.849,0.724,0.239,0.1301506844650449,0.1527210870176639,0.1527210870176639,0.93,0.364,2.15,0.039,0.2,3.48,0.822,0.00517,0.373,0.0,2.32,0.438,5.60947179518496
0.496,0.714,0.827,0.146,0.11332868530700327,0.1231021971339834,0.04114194333117521,0.785,0.128,2.725,0.138,0.557,3.34,0.911,0.00638,0.815,0.0,2.7,0.625,5.820082930352362
0.473,0.881,0.912,0.302,0.016857117066422806,0.16211884947643512,0.151862349309246,0.917,0.145,2.22,0.056,0.286,3.5770989010989007,0.898,0.00622,0.278,0.0,3.4736402569593148,0.119,5.075173815233827
0.36,0.692,0.386,0.178,0.10728366521967457,0.050693114315518165,0.03246719013750141,0.774,0.182,2.955,0.283,0.564,3.21,0.7969999999999999,0.0070799999999999,0.578,1.0,3.42,0.637,8.045267716607803
0.154,0.696,0.513,0.205,0.02273948696948934,0.04018178963283176,0.015873349156290163,0.758,0.097,2.94,0.344,0.671,3.84,0.9485,0.0077,0.978,1.0,3.72,0.773,7.149916836132109
0.354,0.651,0.338,0.156,0.0848006016924651,0.05638033343610769,0.02273948696948934,0.729,0.124,3.17,0.379,0.578,3.71,0.891,0.0079,0.716,1.0,3.91,0.496,8.283999304248525
0.366,0.736,0.495,0.18,0.10278219464302582,0.07045846364856137,0.07045846364856137,0.854,0.286,2.815,0.227,0.459,3.39,0.8015,0.00654,0.605,1.0,2.59,0.486,8.089175678837561
0.431,0.781,0.296,0.133,0.0064789660977090735,0.10345870836822997,0.03246719013750141,0.849,0.139,2.995,0.16,0.677,3.8,0.9405,0.00719,0.938,1.0,3.86,0.503,5.82600010738045
0.425,0.598,0.604,0.014,0.1397619423751586,0.4330802751411378,0.264669298142708,0.0,0.921,1.97,0.104,0.489,3.72,0.7785,0.00489,0.487,0.0,4.03,0.402,5.877735781779639
0.413,0.689,0.283,0.18,0.02078253918252841,0.060153922819747144,0.036331929247390204,0.779,0.205,2.92,0.233,0.371,3.41,0.932,0.00631,0.962,0.0,3.03,0.672,6.400257445308821
0.484,0.706,0.6,0.219,0.15828497896571328,0.08065790301745454,0.18065349969325759,0.906,0.402,2.465,0.038,0.307,2.72,0.7985,0.0045299999999999,0.571,0.0,1.8,0.336,5.8111409929767
0.596,0.746,0.694,0.161,0.05685281159278279,0.08984070399978955,0.04114194333117521,0.818,0.15,2.74,0.08,0.432,3.67,0.8975,0.00726,0.606,0.0,3.88,0.51,7.649216319820633
0.422,0.645,0.598,0.177,0.0,0.05259245011917063,0.001998002662673058,0.712,0.026,3.04,0.241,0.637,3.85,0.9905,0.00797,0.991,1.0,4.78,0.863,6.049733455231958
0.312,0.554,0.42,0.182,0.04018178963283176,0.07510747248680547,0.01980262729617973,0.646,0.078,3.04,0.352,0.664,3.7,0.857,0.00773,0.796,1.0,3.4736402569593148,0.59,8.195057690895078
0.296,0.734,0.515,0.161,0.0769610411361284,0.08801087732271339,0.04688358589885046,0.812,0.187,2.9,0.245,0.589,3.59,0.8400000000000001,0.0069099999999999,0.796,1.0,3.02,0.515,7.688455356549944
0.485,0.721,0.6880000000000001,0.215,0.06719124954032338,0.12221763272424911,0.10345870836822997,0.892,0.275,2.74,0.114,0.525,3.31,0.9045,0.00592,0.514,0.0,3.05,0.741,5.5134287461649825
0.447,0.704,0.516,0.183,0.04018178963283176,0.06109509935981083,0.036331929247390204,0.782,0.146,2.89,0.233,0.5,3.96,0.955,0.0075599999999999,0.978,0.0,4.79,0.712,5.937536205082426
0.566,0.723,0.685,0.34,0.13343763822971663,0.09349034308733897,0.0769610411361284,0.804,0.161,2.51,0.063,0.283,3.15,0.8354999999999999,0.00697,0.445,0.0,2.51,0.43,6.4216222678065185
0.37,0.698,0.359,0.193,0.033192967355763964,0.03825871211709027,0.014888612493750559,0.797,0.168,2.805,0.205,0.547,3.58,0.896,0.00705,0.545,0.0,3.31,0.405,6.298949246855942
0.281,0.584,0.355,0.156,0.022250608934819723,0.042101176018635326,0.009950330853168092,0.653,0.04,3.39,0.599,0.772,3.18,0.9595,0.0084,0.812,1.0,3.06,0.618,8.309676895987726
0.359,0.555,0.29,0.141,0.044495239886551304,0.07045846364856137,0.024692612590371414,0.65,0.118,3.125,0.323,0.633,3.39,0.9185,0.00752,0.856,1.0,2.73,0.499,8.190631680903538
0.201,0.418,0.303,0.173,0.012669403100662925,0.026641930946421092,0.01291622526654623,0.51,0.03,3.515,0.742,0.795,3.33,0.968,0.00852,0.941,1.0,2.96,0.732,6.889591308354466
0.133,0.476,0.861,0.158,0.02078253918252841,0.04018178963283176,0.002995508979798371,0.564,0.014,3.415,0.49,0.786,3.98,0.974,0.00821,0.957,1.0,4.28,0.832,6.450470422144177
0.595,0.778,0.395,0.169,0.03343477608623742,0.08801087732271339,0.07603468627599758,0.831,0.261,2.76,0.078,0.434,3.25,0.9155,0.00682,0.561,1.0,3.35,0.488,6.100318952020064
0.554,0.794,0.885,0.23,0.0718554371004281,0.13627761829254773,0.10074990310014315,0.861,0.072,2.37,0.023,0.292,3.16,0.8755,0.00707,0.77,0.0,2.97,0.552,6.035481432524756
0.32,0.825,0.928,0.269,0.04305948946044701,0.22394323148477402,0.04783732941416006,0.903,0.072,2.465,0.032,0.423,3.72,0.9675,0.00715,0.661,0.0,3.31,0.552,5.4116460518550396
0.244,0.682,0.917,0.271,0.005982071677547469,0.12133228516752496,0.045928931888399735,0.772,0.012,2.71,0.059,0.35,4.39,0.964,0.00665,0.382,1.0,4.58,0.371,5.998936561946683
0.585,0.891,0.8440000000000001,0.385,0.1115413747329073,0.29192306670903545,0.14496577025018564,0.0,0.182,2.26,0.059,0.049,2.72,0.731,0.0054,0.338,0.0,2.56,0.13,5.262690188904886
0.299,0.408,0.809,0.041,0.1810707748923021,0.3235317253454782,0.16551443847757333,0.915,0.813,2.005,0.024,0.456,4.02,0.819,0.00623,0.78,0.0,3.53,0.24,5.5909869805108565
0.336,0.655,0.512,0.116,0.005982071677547469,0.05354076692802976,0.02273948696948934,0.732,0.073,3.075,0.393,0.747,3.57,0.946,0.00792,0.899,0.0,4.11,0.539,6.80128303447162
0.422,0.779,0.746,0.218,0.03729578474369693,0.05259245011917063,0.026641930946421092,0.826,0.125,2.715,0.122,0.602,3.12,0.9105,0.00649,0.911,0.0,2.96,0.559,5.908082938168931
0.373,0.767,0.8,0.168,0.005982071677547469,0.08801087732271339,0.02078253918252841,0.816,0.105,2.85,0.215,0.521,3.83,0.9425,0.00734,0.89,0.0,3.69,0.646,6.363028103540465
0.144,0.425,0.985,0.019,0.008959741371471801,0.38865798979178323,0.2295231582782488,0.949,0.91,1.93,0.047,0.21,4.48,0.967,0.005,0.74,0.0,4.07,0.508,6.175867270105761
0.162,0.467,0.478,0.13,0.005982071677547469,0.04114194333117521,0.002995508979798371,0.544,0.007,3.87,0.856,0.85,3.77,0.993,0.0080299999999999,0.993,1.0,4.78,0.722,6.508769136971681
0.36,0.692,0.7170000000000001,0.183,0.11198850194804728,0.10074990310014315,0.08892620919440149,0.855,0.284,2.675,0.093,0.416,3.64,0.784,0.0069999999999999,0.565,0.0,3.07,0.498,7.474204806496124
0.484,0.649,0.75,0.193,0.06578774053800315,0.12044615307586726,0.050693114315518165,0.8,0.263,2.6,0.076,0.409,3.52,0.8405,0.00735,0.735,0.0,2.59,0.457,7.300472814267798
0.319,0.684,0.8190000000000001,0.186,0.0358496528936972,0.045928931888399735,0.015873349156290163,0.735,0.02,2.97,0.074,0.886,3.96,0.9075,0.00836,0.942,0.0,3.7,0.751,6.196444127794521
0.251,0.478,0.8150000000000001,0.011,0.030044121348376644,0.35907206853845386,0.055434706888100524,0.89,0.815,2.025,0.073,0.821,4.58,0.9305,0.0058499999999999,0.798,0.0,4.28,0.505,6.261491684321042
0.292,0.741,0.8320000000000001,0.165,0.007968169649176881,0.08434114843375096,0.015873349156290163,0.797,0.088,2.865,0.156,0.59,4.12,0.972,0.00746,0.906,0.0,3.98,0.598,6.6240652277998935
0.428,0.642,0.6940000000000001,0.173,0.019312311032372884,0.05638033343610769,0.014888612493750559,0.692,0.041,2.975,0.289,0.661,3.96,0.9735,0.0080299999999999,0.768,0.0,3.37,0.604,6.148468295917647
0.401,0.592,0.59,0.165,0.008959741371471801,0.04401688541677426,0.014888612493750559,0.671,0.075,3.01,0.258,0.735,3.91,0.9785,0.00802,0.962,0.0,4.48,0.716,6.964135612418245
0.278,0.758,0.848,0.187,0.030771658666753687,0.06765864847381486,0.010939940038334263,0.814,0.078,2.87,0.234,0.512,3.77,0.8845000000000001,0.00792,0.766,0.0,3.05,0.519,7.208600337960199
0.155,0.615,0.525,0.148,0.0,0.04305948946044701,0.003992021269537457,0.681,0.034,3.425,0.666,0.905,4.04,0.9835,0.00832,0.94,0.0,3.88,0.551,7.604396348796338
0.442,0.66,0.7290000000000001,0.193,0.05211795426210677,0.0944006754214843,0.036331929247390204,0.777,0.128,2.78,0.118,0.532,3.84,0.869,0.00738,0.562,0.0,3.72,0.55,6.4425401664681985
0.257,0.7,0.347,0.062,0.01340968690991774,0.0769610411361284,0.03825871211709027,0.778,0.209,3.03,0.485,0.705,4.04,0.9515,0.00677,0.985,1.0,3.0,0.821,6.07993319509559
0.28,0.482,0.362,0.148,0.03101405352916954,0.03052920503482279,0.0,0.536,0.036,3.24,0.529,0.744,4.03,0.9755,0.00639,0.894,0.0,4.69,0.807,5.8805329864007
0.409,0.554,0.676,0.022,0.05638033343610769,0.29117596170603677,0.19309662996191315,0.908,0.938,1.915,0.112,0.314,4.25,0.895,0.00516,0.607,0.0,4.5,0.46,6.035481432524756
0.195,0.669,0.2779999999999999,0.178,0.029073247485707165,0.03729578474369693,0.009950330853168092,0.743,0.14,3.255,0.648,0.814,4.11,0.9775,0.00726,0.956,0.0,3.54,0.599,5.991464547107982
0.366,0.444,0.483,0.221,0.02176149178151271,0.03343477608623742,0.010939940038334263,0.507,0.034,3.255,0.276,0.831,3.57,0.9945,0.00694,0.989,1.0,3.54,0.662,5.883322388488279
0.358,0.683,0.643,0.169,0.047360571359837574,0.08065790301745454,0.054488185284069776,0.794,0.196,2.785,0.131,0.456,3.43,0.837,0.00695,0.747,1.0,3.39,0.522,7.999342952713282
0.513,0.727,0.723,0.176,0.10526051065749292,0.10345870836822997,0.04974209189481401,0.843,0.241,2.655,0.102,0.414,3.18,0.85,0.0067099999999999,0.752,0.0,2.31,0.699,7.282761179605593
0.108,0.406,0.218,0.141,0.0,0.02078253918252841,0.001998002662673058,0.471,0.006,3.915,0.885,0.941,3.5770989010989007,0.997,0.00938,0.986,1.0,4.83,0.873,7.188412736496953
0.359,0.664,0.597,0.169,0.013902905168991434,0.07417939817425147,0.02078253918252841,0.736,0.105,2.79,0.267,0.57,3.8,0.9145,0.00813,0.699,0.0,3.0,0.703,6.345636360828596
0.436,0.525,0.698,0.166,0.003992021269537457,0.0620353909194527,0.016857117066422806,0.593,0.025,2.98,0.185,0.77,3.98,0.992,0.0074,0.983,0.0,3.18,0.761,6.251903883165888
0.336,0.514,0.4549999999999999,0.157,0.01143437762566317,0.042101176018635326,0.02078253918252841,0.583,0.047,3.22,0.458,0.732,3.27,0.9445,0.00745,0.802,1.0,3.47,0.73,8.029432840581242
0.204,0.509,0.245,0.126,0.025667746748577813,0.050693114315518165,0.02176149178151271,0.594,0.116,3.335,0.583,0.719,3.86,0.9455,0.00777,0.763,1.0,3.55,0.643,8.358900612421644
0.445,0.585,0.571,0.176,0.05354076692802976,0.07325046173959274,0.05921185963184603,0.679,0.129,2.76,0.103,0.485,3.47,0.864,0.00718,0.55,1.0,2.81,0.493,6.960347729101308
0.232,0.515,0.39,0.148,0.004987541511038968,0.06109509935981083,0.011928570865273812,0.594,0.069,3.1900000000000004,0.42,0.657,3.8,0.992,0.00769,0.995,1.0,4.23,0.848,8.006034178749008
0.506,0.492,0.695,0.182,0.011928570865273812,0.04974209189481401,0.01980262729617973,0.555,0.038,2.835,0.133,0.64,3.23,0.9595,0.0070999999999999,0.372,0.0,3.9,0.912,6.763884908562435
0.464,0.722,0.936,0.286,0.2291256229917573,0.17227122094045313,0.20048886074940356,0.907,0.305,2.25,0.015,0.023,3.32,0.6485000000000001,0.00588,0.331,0.0,3.15,0.229,5.58724865840025
0.518,0.645,0.833,0.151,0.006975613736425138,0.050693114315518165,0.016857117066422806,0.724,0.042,2.835,0.098,0.607,3.64,0.982,0.00764,0.983,1.0,4.11,0.784,6.687108607866515
0.354,0.773,0.937,0.181,0.018821754240587667,0.0852598439508234,0.07510747248680547,0.859,0.135,2.605,0.045,0.64,4.14,0.917,0.00677,0.647,0.0,4.03,0.477,6.210600077024654
0.343,0.598,0.593,0.178,0.02420468869681736,0.03440142671733232,0.01980262729617973,0.653,0.043,2.775,0.143,0.635,4.11,0.967,0.00826,0.887,0.0,4.42,0.596,6.401917196727186
0.633,0.748,0.915,0.18,0.029073247485707165,0.11243542932978817,0.05259245011917063,0.846,0.18,2.365,0.01,0.357,2.99,0.8105,0.0069099999999999,0.856,0.0,2.91,0.421,6.09807428216624
0.547,0.603,0.5660000000000001,0.201,0.04401688541677426,0.07881118042428985,0.058268908123975824,0.707,0.094,2.5,0.028,0.375,3.46,0.87,0.0064599999999999,0.738,0.0,3.06,0.933,6.0014148779611505
0.221,0.307,0.405,0.168,0.0,0.007968169649176881,0.0,0.394,0.005,3.86,0.76,0.799,4.07,0.9935,0.00904,1.0,1.0,4.71,0.946,6.418364935936212
0.553,0.802,0.8580000000000001,0.405,0.09257918129309317,0.14410034397375687,0.1773090149704103,0.892,0.164,2.27,0.015,0.445,3.46,0.8200000000000001,0.0058,0.471,0.0,2.94,0.513,5.4510384535657
0.544,0.667,0.629,0.141,0.05968300216117384,0.054488185284069776,0.03052920503482279,0.759,0.118,2.745,0.088,0.532,3.65,0.942,0.0070999999999999,0.965,0.0,3.14,0.646,5.968707559985366
0.703,0.74,0.885,0.323,0.1505728584793744,0.14496577025018564,0.14496577025018564,0.851,0.175,2.345,0.011,0.146,2.87,0.8055,0.00598,0.511,0.0,2.99,0.599,5.598421958998375
0.408,0.677,0.815,0.262,0.024692612590371414,0.15956456967133845,0.07973496801885353,0.74,0.075,2.37,0.059,0.38,3.54,0.9415,0.00713,0.924,0.0,3.8,0.591,6.22455842927536
0.334,0.703,0.626,0.173,0.1608425251168305,0.08065790301745454,0.054488185284069776,0.803,0.188,2.62,0.046,0.355,3.92,0.7969999999999999,0.00674,0.595,0.0,3.75,0.533,7.402451520818244
0.39,0.657,0.613,0.152,0.0912108800533841,0.08984070399978955,0.06297479916138839,0.758,0.141,2.72,0.083,0.329,3.23,0.861,0.00736,0.768,1.0,3.79,0.61,7.77485576666552
0.21,0.54,0.47,0.164,0.006975613736425138,0.018821754240587667,0.005982071677547469,0.598,0.018,3.205,0.424,0.724,3.99,0.9925,0.00806,0.996,1.0,4.38,0.632,6.98100574072173
0.393,0.654,0.5,0.385,0.036331929247390204,0.2382291887322507,0.0,0.795,0.308,2.405,0.075,0.4853171247357294,3.57,0.90875,0.0069576397515527,0.6569582463465553,0.0,4.71,0.5719375,3.295836866004329
0.382,0.531,0.5589999999999999,0.191,0.004489905272852001,0.06391332574365285,0.001998002662673058,0.583,0.031,2.785,0.198,0.725,3.65,0.986,0.0078099999999999,0.646,0.0,4.22,0.548,6.124683390894205
0.335,0.447,0.588,0.129,0.0,0.04879016416943205,0.0,0.51,0.003,3.22,0.244,0.783,3.77,0.9945,0.00886,1.0,1.0,4.38,0.959,5.831882477283517
0.283,0.633,0.5800000000000001,0.137,0.05685281159278279,0.05921185963184603,0.04974209189481401,0.717,0.124,2.925,0.093,0.625,2.98,0.918,0.00719,0.814,0.0,3.25,0.752,5.981414211254481
0.376,0.642,0.7310000000000001,0.189,0.008959741371471801,0.10436001532424286,0.05259245011917063,0.739,0.167,2.71,0.047,0.505,4.14,0.948,0.00697,0.943,0.0,4.43,0.586,6.013715156042801
0.558,0.623,0.6539999999999999,0.162,0.01636535408626423,0.08250122151174377,0.03729578474369693,0.708,0.143,2.8150000000000004,0.252,0.756,3.94,0.949,0.00779,0.919,0.0,3.71,0.657,6.16541785423142
0.344,0.648,0.494,0.156,0.007968169649176881,0.1275133202989597,0.035367143837291344,0.73,0.119,2.82,0.172,0.715,3.81,0.946,0.00789,0.659,0.0,3.56,0.636,6.20455776256869
0.204,0.559,0.469,0.16,0.023716526617316065,0.05354076692802976,0.01291622526654623,0.636,0.095,3.1,0.349,0.664,3.5770989010989007,0.935,0.00789,0.7,1.0,3.4736402569593148,0.584,8.146709052203319
0.384,0.654,0.625,0.109,0.08342160813907237,0.128393214768399,0.051643233151838386,0.778,0.19,2.8200000000000003,0.102,0.506,3.35,0.83,0.00715,0.794,0.0,2.55,0.466,7.778211474512493
0.172,0.588,0.398,0.14,0.022250608934819723,0.054488185284069776,0.013902905168991434,0.652,0.03,3.31,0.461,0.717,4.02,0.9525,0.00784,0.892,1.0,3.36,0.579,7.696667081526462
0.279,0.484,0.369,0.137,0.009950330853168092,0.060153922819747144,0.004987541511038968,0.553,0.015,3.565,0.695,0.804,3.49,0.973,0.008,0.953,1.0,3.92,0.978,5.996452088619021
0.303,0.406,0.4669999999999999,0.16,0.047360571359837574,0.03825871211709027,0.008959741371471801,0.492,0.057,3.05,0.239,0.67,4.03,0.8975,0.00825,0.834,1.0,3.58,0.451,6.931471805599453
0.06,0.463,0.093,0.012,0.0,0.02273948696948934,0.001998002662673058,0.536,0.0,4.18,1.0,0.915,3.5770989010989007,1.0,0.0095599999999999,1.0,1.0,3.62,0.998,6.255750041753367
0.494,0.734,0.752,0.24,0.06297479916138839,0.09803374027136541,0.10795714150509236,0.809,0.099,2.465,0.042,0.446,3.09,0.8775,0.0064,0.684,1.0,3.08,0.423,6.1463292576688975
0.298,0.587,0.471,0.157,0.0064789660977090735,0.026641930946421092,0.013902905168991434,0.644,0.034,3.46,0.459,0.805,3.67,0.9775,0.0080299999999999,0.912,1.0,3.89,0.696,5.683579767338681
0.476,0.589,0.803,0.116,0.1128821570566724,0.08984070399978955,0.04018178963283176,0.654,0.071,2.825,0.109,0.518,3.32,0.92,0.0068099999999999,0.891,0.0,3.61,0.734,6.148468295917647
0.497,0.66,0.883,0.211,0.10616019582839052,0.13627761829254773,0.12221763272424911,0.77,0.146,2.585,0.0,0.357,3.13,0.8665,0.00639,0.696,0.0,3.32,0.688,5.5134287461649825
0.156,0.516,0.877,0.175,0.017839918128331016,0.07881118042428985,0.026641930946421092,0.586,0.027,2.665,0.037,0.534,3.78,0.9735,0.00741,0.963,0.0,3.6,0.97,5.90536184805457
0.289,0.618,0.91,0.176,0.05401458830623835,0.09984533496971612,0.0778865386570712,0.694,0.095,2.405,0.019,0.299,3.63,0.8865000000000001,0.00652,0.731,0.0,3.55,0.719,6.1224928095143865
0.349,0.651,0.8109999999999999,0.17,0.05448818528406957,0.09531017980432495,0.07510747248680547,0.729,0.07,2.72,0.024,0.376,3.65,0.848,0.00649,0.625,0.0,2.49,0.432,5.916202062607436
0.306,0.575,0.906,0.184,0.02955880224154443,0.0944006754214843,0.0944006754214843,0.631,0.057,2.755,0.165,0.409,3.66,0.92,0.0079,0.595,1.0,3.39,0.545,5.808142489980443
0.509,0.657,0.797,0.181,0.050217716160617515,0.10345870836822997,0.0695260626486103,0.735,0.117,2.515,0.111,0.4,3.25,0.931,0.00679,0.591,0.0,3.0,0.357,5.886104031450156
0.419,0.551,0.829,0.22,0.029073247485707165,0.10345870836822997,0.036331929247390204,0.645,0.106,2.53,0.082,0.486,3.92,0.9225,0.00684,0.365,0.0,3.56,0.651,5.860786223465866
0.182,0.56,0.857,0.238,0.01291622526654623,0.08342160813907237,0.050693114315518165,0.635,0.028,2.63,0.103,0.442,3.42,0.958,0.00565,0.859,0.0,3.39,0.933,5.53338948872752
0.291,0.635,0.849,0.119,0.12575120530556025,0.10795714150509236,0.09984533496971612,0.729,0.114,2.5700000000000003,0.097,0.321,4.2,0.8049999999999999,0.0069299999999999,0.699,1.0,4.02,0.642,6.021023349349527
0.488,0.654,0.883,0.182,0.01833095668472342,0.09984533496971612,0.04783732941416006,0.717,0.076,2.46,0.011,0.374,3.5770989010989007,0.916,0.0077099999999999,0.943,0.0,3.46,0.688,6.240275845170769
0.332,0.658,0.6559999999999999,0.163,0.01340968690991774,0.05354076692802976,0.02761516703297339,0.733,0.071,2.905,0.294,0.773,4.08,0.972,0.0072299999999999,0.828,0.0,3.47,0.595,6.234410725718371
0.373,0.632,0.497,0.168,0.0,0.04688358589885046,0.005982071677547469,0.694,0.068,3.325,0.466,0.92,3.77,1.0,0.00809,0.959,0.0,4.21,0.648,5.739792912179234
0.305,0.584,0.724,0.238,0.013902905168991214,0.0695260626486103,0.02176149178151271,0.663,0.054,2.905,0.194,0.628,3.92,0.992,0.00688,0.953,0.0,4.46,0.647,6.289715570908997
0.437,0.521,0.564,0.181,0.036331929247390204,0.10074990310014315,0.0,0.589,0.074,3.035,0.075,0.4853171247357294,3.5770989010989007,0.90875,0.0069576397515527,0.6569582463465553,0.0,3.4736402569593148,0.5719375,4.553876891600541
0.481,0.737,0.6799999999999999,0.172,0.06531946612064246,0.08342160813907237,0.04783732941416006,0.839,0.192,2.77,0.131,0.435,3.06,0.885,0.0069,0.643,0.0,2.54,0.499,7.590346945602565
0.417,0.782,0.814,0.194,0.0727856697256476,0.10074990310014315,0.04783732941416006,0.843,0.147,2.6,0.101,0.419,3.23,0.8340000000000001,0.00679,0.674,1.0,3.32,0.596,7.565793282428515
0.29,0.255,0.3399999999999999,0.165,0.008959741371471801,0.017839918128331016,0.001998002662673058,0.336,0.0,3.615,0.5,0.794,3.97,0.988,0.00892,0.988,1.0,3.9,0.792,6.732210706467206
0.234,0.762,0.734,0.182,0.054961558073974334,0.08250122151174377,0.016857117066422806,0.823,0.106,2.755,0.152,0.5,3.44,0.9235,0.0075599999999999,0.696,1.0,2.51,0.726,6.704414354964107
0.525,0.496,0.892,0.029,0.10074990310014315,0.22314355131420976,0.2468600779315258,0.0,0.902,2.165,0.051,0.272,3.62,0.767,0.00472,0.497,0.0,4.33,0.666,6.927557906278317
0.261,0.507,0.385,0.105,0.01439588028373234,0.04114194333117521,0.009950330853168092,0.571,0.028,3.405,0.5,0.812,3.21,0.9765,0.00797,0.969,1.0,3.67,0.794,7.220373836723949
0.156,0.394,0.227,0.143,0.0074720148387010564,0.02176149178151271,0.001998002662673058,0.456,0.036,3.75,0.807,0.836,3.5,0.9885,0.00851,0.932,1.0,3.58,0.944,6.028278520230699
0.704,0.767,0.913,0.427,0.06485097231961626,0.10165365372649982,0.018821754240587667,0.872,0.087,2.275,0.0,0.429,3.33,0.8035,0.00662,0.125,0.0,3.17,0.437,4.6443908991413725
0.198,0.449,0.314,0.191,0.007968169649176881,0.015873349156290163,0.009950330853168092,0.509,0.016,3.215,0.588,0.909,4.18,0.988,0.00835,0.776,1.0,4.71,0.523,6.240275845170769
0.392,0.442,0.349,0.268,0.01636535408626423,0.024692612590371414,0.005982071677547469,0.511,0.013,2.885,0.299,0.6,3.88,0.968,0.00853,0.649,1.0,3.95,0.645,6.161207321695076
0.466,0.499,0.51,0.25,0.008959741371471801,0.02955880224154443,0.003992021269537457,0.566,0.019,2.94,0.252,0.894,3.61,0.97,0.00748,0.65,1.0,4.7,0.41,6.29156913955832
0.257,0.541,0.382,0.227,0.0577970987262166,0.03825871211709027,0.026641930946421092,0.602,0.076,2.965,0.259,0.567,3.74,0.903,0.00743,0.804,1.0,4.15,0.535,8.062117582754738
0.402,0.702,0.765,0.319,0.08892620919440149,0.09803374027136541,0.071389996086673,0.793,0.146,2.51,0.093,0.375,3.59,0.855,0.00643,0.545,1.0,2.89,0.477,7.4570320891223805
0.416,0.688,0.769,0.195,0.09803374027136541,0.06297479916138839,0.035367143837291344,0.766,0.089,2.8200000000000003,0.216,0.543,3.33,0.8140000000000001,0.00763,0.649,1.0,3.0,0.472,7.6746174973643635
0.294,0.345,0.1959999999999999,0.226,0.01833095668472342,0.025667746748577813,0.016857117066422806,0.404,0.026,3.265,0.343,0.656,3.52,0.9605,0.00819,0.794,1.0,3.57,0.679,8.237743803890933
0.192,0.483,0.425,0.204,0.03609082014435369,0.04114194333117521,0.03343477608623742,0.554,0.049,3.105,0.291,0.604,3.74,0.919,0.00826,0.711,1.0,3.43,0.522,7.982074875081202
0.546,0.715,0.772,0.383,0.07417939817425147,0.055434706888100524,0.023716526617316065,0.769,0.083,2.535,0.124,0.31,3.55,0.8534999999999999,0.0077,0.773,0.0,2.77,0.406,6.603943824600473
0.081,0.358,0.054,0.014,0.0,0.008959741371471801,0.0009995003330834232,0.437,0.0,4.205,0.988,0.87,4.65,0.997,0.00929,1.0,1.0,4.53,0.997,7.226209010100671
0.433,0.716,0.857,0.188,0.03052920503482279,0.11243542932978817,0.04114194333117521,0.825,0.143,2.77,0.279,0.567,3.76,0.937,0.00694,1.0,0.0,3.89,0.785,5.817111159963204
0.365,0.691,0.858,0.23,0.1275133202989597,0.2070141693843261,0.09803374027136541,0.914,0.39,2.325,0.014,0.125,3.85,0.887,0.00525,0.303,0.0,3.41,0.663,5.645446897643238
0.667,0.822,0.961,0.237,0.0829615207143473,0.16805358499624976,0.07232066157962608,0.925,0.233,2.335,0.0,0.293,3.5770989010989007,0.8915,0.0057799999999999,0.482,0.0,3.75,0.621,6.0844994130751715
0.614,0.693,0.939,0.22,0.13671382331582213,0.2110709700799404,0.08617769624105241,0.918,0.404,2.35,0.036,0.143,3.44,0.881,0.00638,0.5,0.0,3.19,0.466,5.627621113690637
0.289,0.679,0.873,0.184,0.047360571359837574,0.1587116911548208,0.045928931888399735,0.848,0.262,2.575,0.118,0.232,3.61,0.9645,0.00631,0.671,0.0,3.65,0.404,6.013715156042801
0.26,0.615,0.786,0.155,0.007968169649176881,0.07603468627599758,0.007968169649176881,0.719,0.048,3.57,0.651,0.641,4.16,0.992,0.00779,0.833,0.0,4.44,0.687,5.53338948872752
0.644,0.797,0.948,0.264,0.04926624130291805,0.21026092548319605,0.06391332574365285,0.936,0.31,2.45,0.045,0.314,3.16,0.896,0.00501,0.477,0.0,2.82,0.703,5.8998973535824915
0.348,0.817,0.989,0.301,0.036331929247390204,0.07232066157962608,0.0,0.854,0.075,2.845,0.075,0.4853171247357294,3.92,0.90875,0.0069576397515527,0.6569582463465553,0.0,3.96,0.5719375,4.543294782270004
0.233,0.634,0.972,0.136,0.0,0.08065790301745454,0.03052920503482279,0.717,0.019,3.155,0.009,0.676,3.5770989010989007,0.961,0.0065,0.877,0.0,3.4736402569593148,0.655,6.364750756851912
0.262,0.643,0.965,0.11,0.0,0.04018178963283176,0.04401688541677426,0.734,0.017,3.645,0.0,0.667,3.5770989010989007,0.9445,0.00665,0.916,0.0,3.4736402569593148,0.594,6.144185634125646
0.109,0.429,0.901,0.066,0.036331929247390204,0.07417939817425147,0.0,0.534,0.0,3.78,0.075,0.4853171247357294,3.5770989010989007,0.90875,0.0069576397515527,0.6569582463465553,0.0,3.4736402569593148,0.5719375,4.5217885770490405
0.603,0.743,0.985,0.257,0.036331929247390204,0.12133228516752496,0.028587456851912472,0.834,0.086,3.0700000000000003,0.0,0.4853171247357294,3.86,0.8,0.00743,0.45,0.0,4.22,0.5719375,4.2626798770413155
0.628,0.769,0.974,0.198,0.008959741371471801,0.09984533496971612,0.09984533496971612,0.852,0.105,2.665,0.0,0.418,3.03,0.8775,0.0058499999999999,0.299,1.0,3.25,0.267,6.892641641172089
0.368,0.64,0.953,0.157,0.011928570865273812,0.08342160813907237,0.02273948696948934,0.744,0.023,3.12,0.0,0.655,3.5770989010989007,0.9115,0.00565,0.883,0.0,3.4736402569593148,0.5719375,6.154858094016418
0.436,0.734,0.97,0.103,0.0,0.10345870836822997,0.03729578474369693,0.805,0.032,3.085,0.0,0.627,3.5770989010989007,0.9395,0.00524,0.904,0.0,3.4736402569593148,0.5719375,6.222576268071369
0.477,0.704,0.963,0.121,0.0,0.071389996086673,0.04305948946044701,0.788,0.049,3.25,0.027,0.436,3.5770989010989007,0.8205,0.0065599999999999,0.714,0.0,3.4736402569593148,0.553,6.006353159601733
0.258,0.747,0.972,0.192,0.07232066157962608,0.10074990310014315,0.010939940038334263,0.817,0.05,2.865,0.227,0.462,3.5770989010989007,0.79,0.0058099999999999,0.108,0.0,3.4736402569593148,0.603,5.888877958332881
0.268,0.709,0.951,0.165,0.036331929247390204,0.11867152971749854,0.018821754240587667,0.798,0.068,2.9850000000000003,0.075,0.4853171247357294,3.5770989010989007,0.90875,0.0069576397515527,0.6569582463465553,0.0,3.4736402569593148,0.01,4.6443908991413725
0.593,0.751,0.951,0.23,0.009950330853168092,0.08617769624105241,0.07325046173959274,0.82,0.083,2.575,0.0,0.5,3.5770989010989007,0.9085,0.00639,0.375,0.0,3.4736402569593148,0.5719375,6.016157159698353
0.686,0.646,0.927,0.242,0.013902905168991214,0.08157998699242285,0.03729578474369693,0.757,0.031,2.895,0.0,0.653,3.5770989010989007,0.934,0.00531,0.779,0.0,3.4736402569593148,0.5719375,6.354370040797351
0.5,0.843,0.971,0.286,0.045928931888399735,0.08250122151174377,0.07603468627599758,0.905,0.114,2.39,0.093,0.368,4.04,0.8745,0.00718,0.488,0.0,4.36,0.379,4.9487598903781675
0.998,0.766,0.925,0.153,0.01980262729617973,0.11689375147149943,0.042101176018635326,0.867,0.187,2.705,0.008,0.528,3.5770989010989007,0.9205,0.00711,0.746,0.0,3.4736402569593148,0.475,6.234410725718371
0.393,0.627,0.903,0.157,0.02078253918252841,0.08617769624105241,0.08342160813907237,0.712,0.047,2.735,0.011,0.667,3.39,0.988,0.0074,0.6,0.0,3.43,0.52,5.998936561946683
0.4173440643863179,0.545,0.909,0.0,0.023716526617316065,0.08709470685093375,0.16720791898390638,0.628,0.0,3.395,0.0,0.565,3.5770989010989007,0.979,0.0069576397515527,0.238,0.0,3.4736402569593148,0.5719375,2.4849066497880004
0.607,0.739,0.73,0.213,0.055907631938296086,0.051643233151838386,0.01980262729617973,0.823,0.084,2.885,0.0,0.615,3.2,0.922,0.00755,0.699,0.0,3.66,0.553,5.877735781779639
0.423,0.675,0.968,0.254,0.0,0.1336563848126736,0.031498667059371016,0.768,0.029,2.6500000000000004,0.0,0.493,3.5770989010989007,0.8935,0.006,0.375,0.0,3.4736402569593148,0.729,5.638354669333745
0.496,0.556,0.949,0.124,0.008959741371471801,0.07045846364856137,0.017839918128331016,0.655,0.02,3.24,0.008,0.609,3.5770989010989007,0.964,0.00547,0.902,0.0,3.4736402569593148,0.5719375,6.234410725718371
0.325,0.768,0.95,0.293,0.0,0.1527210870176639,0.06859279146561167,0.827,0.071,2.465,0.0,0.344,3.72,0.8049999999999999,0.00576,0.274,0.0,3.25,0.774,5.697093486505405
0.508,0.648,0.962,0.199,0.027128667388252696,0.13453089295760606,0.05732506661926935,0.741,0.038,2.965,0.0,0.654,3.5770989010989007,0.957,0.00627,0.672,0.0,3.4736402569593148,0.5719375,5.4680601411351315
0.269,0.775,0.935,0.28,0.036331929247390204,0.1484200051182732,0.08617769624105241,0.84,0.045,2.665,0.075,0.4853171247357294,3.95,0.81,0.00628,0.6569582463465553,0.0,2.85,0.5719375,5.303304908059076
0.005,0.332,0.496,0.234,0.033918218203460644,0.02761516703297339,0.035367143837291344,0.409,0.019,3.195,0.0,0.4853171247357294,4.09,0.932,0.00804,0.946,0.0,3.97,0.566,6.450470422144177
0.3,0.79,0.955,0.186,0.033918218203460644,0.11511280710050446,0.0620353909194527,0.873,0.082,2.995,0.0,0.538,3.5770989010989007,0.8185,0.00736,0.855,0.0,2.5,0.457,5.796057750765372
0.313,0.75,0.898,0.414,0.036331929247390204,0.17227122094045313,0.015873349156290163,0.866,0.047,2.505,0.075,0.4853171247357294,3.52,0.90875,0.0069576397515527,0.6569582463465553,0.0,3.76,0.5719375,4.859812404361672
0.869,0.751,0.962,0.242,0.16169358899798714,0.07232066157962608,0.08709470685093375,0.817,0.026,2.49,0.0,0.235,2.02,0.728,0.00639,0.146,0.0,2.13,0.691,5.583496308781699
0.296,0.852,0.977,0.629,0.014888612493750559,0.13540463700620298,0.03825871211709027,0.907,0.082,2.215,0.0,0.377,3.5770989010989007,0.879,0.00545,0.082,0.0,3.4736402569593148,0.5719375,5.549076084895219
0.231,0.752,0.976,0.15,0.02078253918252841,0.11511280710050446,0.0,0.837,0.008,3.28,0.065,0.61,4.2,0.9915,0.0070799999999999,0.363,0.0,3.84,0.829,5.509388336627977
0.4173440643863179,0.741,1.0,0.074,0.036331929247390204,0.071389996086673,0.0,0.877,0.0,2.94,0.075,0.4853171247357294,2.75,0.90875,0.0069576397515527,0.6569582463465553,0.0,2.64,0.5719375,3.332204510175204
0.257,0.845,1.0,0.155,0.03922071315328133,0.13627761829254773,0.0,0.923,0.01,3.155,0.03,0.4,3.08,0.923,0.0064099999999999,0.576,0.0,3.4736402569593148,0.718,4.6443908991413725
0.302,0.754,0.972,0.214,0.015873349156290163,0.08250122151174377,0.026641930946421092,0.834,0.039,3.165,0.0,0.483,3.5770989010989007,0.9215,0.00757,0.661,1.0,3.4736402569593148,0.5719375,6.86484777797086
0.167,0.82,0.96,0.136,0.02273948696948934,0.11600367575630612,0.0,0.881,0.009,3.295,0.12,0.66,3.56,1.0,0.00731,0.5,0.0,3.52,0.776,5.43372200355424
0.479,0.708,0.942,0.162,0.003742986278834297,0.11243542932978817,0.04879016416943205,0.807,0.064,3.08,0.0,0.518,3.5770989010989007,0.873,0.00735,0.76,0.0,2.91,0.286,5.934894195619588
0.247,0.564,0.885,0.066,0.1336563848126736,0.04305948946044701,0.17898265552843995,0.66,0.0,3.98,0.0,0.394,3.5770989010989007,0.819,0.0069576397515527,0.007,0.0,3.4736402569593148,0.5719375,6.593044534142437
0.214,0.859,0.984,0.139,0.0,0.10436001532424286,0.01291622526654623,0.915,0.134,2.6900000000000004,0.025,0.566,3.81,0.925,0.00795,0.407,0.0,3.6,0.202,5.948034989180646
0.55,0.779,0.939,0.255,0.036331929247390204,0.1466943791508034,0.031498667059371016,0.856,0.036,2.6500000000000004,0.0,0.526,3.39,0.974,0.00635,0.01,0.0,3.54,0.459,6.023447592961033
0.613,0.839,0.964,0.364,0.03101405352916954,0.16636153721522529,0.11955923505763925,0.888,0.088,2.425,0.03,0.21,2.95,0.8140000000000001,0.00659,0.255,0.0,2.3,0.5719375,6.016157159698353
0.312,0.784,0.986,0.265,0.005982071677547469,0.1336563848126736,0.009950330853168092,0.859,0.147,2.7300000000000004,0.06,0.529,3.73,0.923,0.00674,0.444,0.0,2.88,0.5719375,6.226536669287466
0.401,0.72,0.962,0.271,0.023716526617316065,0.10436001532424286,0.04783732941416006,0.809,0.084,2.8,0.0,0.554,3.18,0.865,0.0065799999999999,0.658,0.0,3.02,0.331,5.8522024797744745
0.701,0.804,0.948,0.318,0.036331929247390204,0.11778303565638346,0.05638033343610769,0.872,0.067,2.7,0.0,0.4853171247357294,3.5770989010989007,0.753,0.00594,0.341,0.0,3.4736402569593148,0.5719375,5.793013608384144
0.624,0.797,0.934,0.275,0.07092433833669858,0.1638180852293949,0.12575120530556025,0.87,0.083,2.615,0.0,0.103,2.61,0.6859999999999999,0.0065599999999999,0.302,0.0,2.09,0.5719375,5.624017506187338
0.409,0.787,0.955,0.175,0.007968169649176881,0.10795714150509236,0.04018178963283176,0.869,0.058,2.85,0.013,0.481,3.15,0.8214999999999999,0.0062,0.883,0.0,3.0,0.338,5.978885764901121
0.136,0.705,0.992,0.144,0.0,0.10885440491208206,0.0,0.797,0.029,3.265,0.0,0.649,3.08,0.9545,0.00664,0.58,0.0,3.4736402569593148,0.763,4.941642422609304
0.327,0.561,0.911,0.167,0.009950330853168092,0.0695260626486103,0.042101176018635326,0.615,0.029,2.685,0.0,0.484,2.87,0.9735,0.00715,0.673,0.0,2.63,0.482,6.040254711277414
0.418,0.673,0.956,0.204,0.036331929247390204,0.14410034397375687,0.060153922819747144,0.795,0.049,2.55,0.075,0.4853171247357294,2.81,0.90875,0.0059099999999999,0.6569582463465553,0.0,3.02,0.5719375,5.424950017481403
0.635,0.762,0.926,0.291,0.02127213527553977,0.09712671073072283,0.05921185963184603,0.826,0.061,2.64,0.013,0.449,3.38,0.951,0.0072499999999999,0.414,0.0,3.55,0.463,5.501258210544727
0.284,0.603,0.765,0.18,0.017839918128331016,0.044973365642731196,0.028587456851912472,0.651,0.067,3.005,0.236,0.625,3.65,0.9535,0.0078099999999999,0.855,0.0,3.57,0.95,5.480638923341991
0.464,0.656,0.867,0.37,0.0,0.02078253918252841,0.0,0.722,0.016,2.54,0.0,0.449,3.45,0.9585,0.00745,0.313,0.0,3.22,0.434,5.247024072160486
0.487,0.659,0.798,0.265,0.01439588028373234,0.06485097231961626,0.02176149178151271,0.731,0.049,2.595,0.0,0.4853171247357294,3.21,0.923,0.00714,0.674,0.0,3.2,0.309,5.4116460518550396
0.348,0.774,0.969,0.153,0.03343477608623742,0.10526051065749292,0.0769610411361284,0.867,0.042,2.8600000000000003,0.194,0.51,3.26,0.763,0.00729,0.581,0.0,3.65,0.108,5.662960480135946
0.355,0.792,0.952,0.151,0.013902905168991214,0.10885440491208206,0.03729578474369693,0.86,0.046,2.985,0.0,0.611,3.9,0.985,0.00678,0.504,0.0,3.93,0.516,6.208590026096629
0.52,0.832,0.952,0.175,0.0,0.15529288440603525,0.06109509935981083,0.902,0.117,2.575,0.0,0.431,3.16,0.9,0.00648,0.708,0.0,3.2,0.713,5.978885764901121
0.194,0.686,1.0,0.086,0.036331929247390204,0.1336563848126736,0.0,0.921,0.143,2.95,0.075,0.4853171247357294,3.99,0.90875,0.0069576397515527,0.6569582463465553,0.0,4.03,0.5719375,3.58351893845611
0.312,0.795,0.99,0.195,0.0718554371004281,0.1327811112338184,0.016857117066422806,0.869,0.109,2.94,0.014,0.368,3.63,0.8445,0.00665,0.611,0.0,2.78,0.702,5.713732805509369
0.261,0.748,0.951,0.09,0.031498667059371016,0.11955923505763925,0.02176149178151271,0.837,0.137,2.74,0.0,0.649,3.5770989010989007,0.8645,0.00814,0.145,0.0,3.4736402569593148,0.5719375,5.777652323222656
0.151,0.631,0.943,0.078,0.036331929247390204,0.07510747248680547,0.013902905168991434,0.745,0.0,3.875,0.075,0.4853171247357294,3.5770989010989007,0.90875,0.0069576397515527,0.6569582463465553,0.0,3.4736402569593148,0.5719375,5.645446897643238
0.359,0.897,0.949,0.256,0.036331929247390204,0.1646666215552339,0.025667746748577813,0.915,0.051,2.48,0.075,0.4853171247357294,3.58,0.90875,0.0069576397515527,0.6569582463465553,0.0,2.96,0.5719375,3.6888794541139363
0.286,0.756,0.98,0.184,0.0,0.0778865386570712,0.031498667059371016,0.841,0.041,2.74,0.0,0.708,3.92,0.986,0.0077599999999999,0.321,0.0,4.02,0.18,6.075346031088684
0.457,0.811,0.977,0.212,0.036331929247390204,0.10074990310014315,0.04688358589885046,0.878,0.074,2.75,0.136,0.528,3.84,0.972,0.00701,0.509,1.0,4.11,0.072,6.073044534100405
0.467,0.841,0.981,0.182,0.0,0.16551443847757333,0.06672363204290813,0.915,0.207,2.58,0.0,0.408,3.97,0.815,0.0065099999999999,0.245,0.0,3.95,0.5719375,6.173786103901937
0.364,0.757,0.976,0.178,0.036331929247390204,0.15529288440603525,0.02078253918252841,0.842,0.058,3.0,0.075,0.4853171247357294,3.59,0.90875,0.00758,0.6569582463465553,0.0,3.38,0.5719375,5.680172609017068
0.0,0.862,0.969,0.2,0.05732506661926935,0.07881118042428985,0.044973365642731196,0.93,0.113,2.78,0.064,0.62,3.88,0.906,0.00612,0.713,1.0,3.11,0.354,5.278114659230517
0.4173440643863179,0.0,1.0,0.375,0.036331929247390204,0.04114194333117521,0.0,0.0,0.083,3.035,0.075,0.4853171247357294,3.36,0.90875,0.0069576397515527,0.6569582463465553,0.0,2.72,0.5719375,3.2188758248682006
0.367,0.845,0.997,0.164,0.005982071677547469,0.1466943791508034,0.035367143837291344,0.933,0.188,2.645,0.0,0.539,4.1,0.953,0.0067,0.811,0.0,4.25,0.472,5.817111159963204
0.551,0.846,0.96,0.157,0.030044121348376644,0.09075436326846413,0.02955880224154443,0.919,0.095,2.9000000000000004,0.19,0.381,3.68,0.9265,0.00677,0.725,0.0,4.37,0.5719375,5.998936561946683
0.4173440643863179,0.947,0.894,0.263,0.036331929247390204,0.233489843368354,0.0,0.0,0.0,2.955,0.075,0.4853171247357294,2.51,0.90875,0.0069576397515527,0.6569582463465553,0.0,2.96,0.5719375,2.995732273553991
0.354,0.699,0.943,0.276,0.0,0.071389996086673,0.04688358589885046,0.779,0.091,2.62,0.076,0.432,3.7,0.878,0.00677,0.375,0.0,3.35,0.688,5.8664680569332965
0.342,0.755,0.952,0.118,0.010197824976445877,0.10345870836822997,0.04018178963283176,0.832,0.052,2.865,0.0,0.61,3.63,0.96,0.0072,0.635,0.0,3.23,0.498,6.129050210060545
0.554,0.815,0.979,0.156,0.003992021269537457,0.13190507087993858,0.03440142671733232,0.877,0.064,2.605,0.007,0.371,3.54,0.989,0.00703,0.309,0.0,3.34,0.317,6.180016653652572
0.654,0.836,0.961,0.24,0.014888612493750559,0.1292723357041391,0.11422114409002285,0.917,0.121,2.585,0.0,0.341,2.76,0.8545,0.0065799999999999,0.692,0.0,2.78,0.542,5.872117789475415
0.334,0.84,0.983,0.208,0.036331929247390204,0.1336563848126736,0.03440142671733232,0.915,0.088,2.715,0.075,0.4853171247357294,2.96,0.90875,0.00649,0.6569582463465553,0.0,2.9,0.18,5.993961427306569
0.253,0.769,0.928,0.231,0.018821754240587667,0.08892620919440149,0.026641930946421092,0.853,0.068,2.76,0.0,0.4853171247357294,4.3,0.90875,0.00732,0.889,0.0,4.01,0.699,6.093569770045136
0.513,0.836,0.954,0.176,0.036331929247390204,0.13714983814723364,0.0695260626486103,0.918,0.133,2.68,0.031,0.4853171247357294,3.62,0.936,0.0066599999999999,0.567,0.0,3.33,0.5719375,6.028278520230699
0.216,0.836,0.968,0.283,0.036331929247390204,0.1747932903731631,0.01980262729617973,0.896,0.112,2.62,0.075,0.4853171247357294,3.5770989010989007,0.90875,0.0069576397515527,0.6569582463465553,0.0,3.4736402569593148,0.5719375,5.030437921392435
0.088,0.581,0.872,0.151,0.036331929247390204,0.0778865386570712,0.011928570865273812,0.731,0.012,2.885,0.075,0.4853171247357294,3.67,0.90875,0.0069576397515527,0.6569582463465553,0.0,3.69,0.244,4.465908118654584
0.447,0.687,0.895,0.235,0.036331929247390204,0.10705907229340776,0.008959741371471801,0.78,0.057,2.655,0.075,0.4853171247357294,3.33,0.90875,0.0069576397515527,0.6569582463465553,0.0,3.4736402569593148,0.5719375,5.442417710521794
0.379,0.802,0.99,0.178,0.036331929247390204,0.1466943791508034,0.0,0.921,0.158,2.59,0.075,0.4853171247357294,3.5770989010989007,0.90875,0.0069576397515527,0.6569582463465553,0.0,3.4736402569593148,0.5719375,4.624972813284271
0.288,0.792,0.981,0.161,0.005982071677547469,0.09712671073072283,0.04879016416943205,0.879,0.064,3.12,0.0,0.614,3.57,0.853,0.00737,0.734,0.0,3.93,0.44,6.049733455231958
0.193,0.726,0.963,0.193,0.022250608934819723,0.054488185284069776,0.0,0.83,0.026,3.22,0.0,0.435,3.5770989010989007,0.938,0.00746,0.758,0.0,3.4736402569593148,0.5719375,5.602118820879701
